Score,Rel_score,Supply,Activity,Year,Country,Method_name,Midpoint,Midpoint_abb,Unit
23218585818.73005,0.061315381528619824,19326535412.41537,"'electricity production, lignite' (kilowatt hour, AU, None)",2000,GLO,ReCiPe Midpoint (H) V1.13,climate change,GWP100,kg CO2-Eq
22048668738.288033,0.05822587759826913,29300556700.72968,"'hard coal mine operation and hard coal preparation' (kilogram, CN, None)",2000,GLO,ReCiPe Midpoint (H) V1.13,climate change,GWP100,kg CO2-Eq
21707843685.467564,0.05732583061386834,260012191446.69455,"'heat production, heavy fuel oil, at industrial furnace 1MW' (megajoule, RoW, None)",2000,GLO,ReCiPe Midpoint (H) V1.13,climate change,GWP100,kg CO2-Eq
21314983404.17268,0.056288369580578146,185251024773.99963,"'heat production, at hard coal industrial furnace 1-10MW' (megajoule, RoW, None)",2000,GLO,ReCiPe Midpoint (H) V1.13,climate change,GWP100,kg CO2-Eq
12685960534.172403,0.03350094257602547,11719818655.343681,"'electricity production, hard coal' (kilowatt hour, ZA, None)",2000,GLO,ReCiPe Midpoint (H) V1.13,climate change,GWP100,kg CO2-Eq
11334535334.178247,0.02993211403530579,7274203176.698452,"'heat and power co-generation, hard coal' (kilowatt hour, RU, None)",2000,GLO,ReCiPe Midpoint (H) V1.13,climate change,GWP100,kg CO2-Eq
9861214152.10394,0.026041383949573785,18409250663.956093,"'electricity production, natural gas, conventional power plant' (kilowatt hour, RoW, None)",2000,GLO,ReCiPe Midpoint (H) V1.13,climate change,GWP100,kg CO2-Eq
8419963368.856996,0.022235345014079224,6769131731.511794,"'electricity production, lignite' (kilowatt hour, US-SERC, None)",2000,GLO,ReCiPe Midpoint (H) V1.13,climate change,GWP100,kg CO2-Eq
7450137175.146526,0.019674238857655308,6336107460.277513,"'electricity production, lignite' (kilowatt hour, US-RFC, None)",2000,GLO,ReCiPe Midpoint (H) V1.13,climate change,GWP100,kg CO2-Eq
6985668191.715078,0.018447674365327967,6197362225.588949,"'electricity production, hard coal' (kilowatt hour, US-SERC, None)",2000,GLO,ReCiPe Midpoint (H) V1.13,climate change,GWP100,kg CO2-Eq
6964868392.868574,0.018392746489360467,3236662932.186402,"'aluminium production, primary, liquid, prebake' (kilogram, US, None)",2000,GLO,ReCiPe Midpoint (H) V1.13,climate change,GWP100,kg CO2-Eq
6901833184.799574,0.01822628381748797,4143859210.219949,"'heat and power co-generation, lignite' (kilowatt hour, RU, None)",2000,GLO,ReCiPe Midpoint (H) V1.13,climate change,GWP100,kg CO2-Eq
6186452076.158288,0.016337113393537203,5800031074.589672,"'electricity production, hard coal' (kilowatt hour, US-RFC, None)",2000,GLO,ReCiPe Midpoint (H) V1.13,climate change,GWP100,kg CO2-Eq
6181241382.975944,0.016323353053308114,2872501493.303144,"'aluminium production, primary, liquid, prebake' (kilogram, CN, None)",2000,GLO,ReCiPe Midpoint (H) V1.13,climate change,GWP100,kg CO2-Eq
5894792541.410314,0.015566902158919042,3976577340.7227893,"'electricity production, hard coal' (kilowatt hour, IN-UP, None)",2000,GLO,ReCiPe Midpoint (H) V1.13,climate change,GWP100,kg CO2-Eq
5847914017.3150215,0.015443105877231519,14776585335.441671,"'hard coal mine operation and hard coal preparation' (kilogram, RoW, None)",2000,GLO,ReCiPe Midpoint (H) V1.13,climate change,GWP100,kg CO2-Eq
5250815405.479686,0.013866294546829168,3882552894.8555107,"'electricity production, hard coal' (kilowatt hour, CN-NM, None)",2000,GLO,ReCiPe Midpoint (H) V1.13,climate change,GWP100,kg CO2-Eq
5228396883.473142,0.013807091964860109,1886642888.8277128,"'aluminium production, primary, liquid, Söderberg' (kilogram, RU, None)",2000,GLO,ReCiPe Midpoint (H) V1.13,climate change,GWP100,kg CO2-Eq
4861761625.354382,0.012838885679218833,4660457133.441617,"'electricity production, hard coal' (kilowatt hour, AU, None)",2000,GLO,ReCiPe Midpoint (H) V1.13,climate change,GWP100,kg CO2-Eq
4422139142.524538,0.011677935547556365,2478296878.7822266,"'aluminium production, primary, liquid, prebake' (kilogram, CA, None)",2000,GLO,ReCiPe Midpoint (H) V1.13,climate change,GWP100,kg CO2-Eq
4337587670.151399,0.011454652965755733,5162802702.447924,"'electricity production, hard coal' (kilowatt hour, CN-JS, None)",2000,GLO,ReCiPe Midpoint (H) V1.13,climate change,GWP100,kg CO2-Eq
4183498002.0351844,0.011047734695025287,3527742531.8154826,"'electricity production, lignite' (kilowatt hour, DE, None)",2000,GLO,ReCiPe Midpoint (H) V1.13,climate change,GWP100,kg CO2-Eq
4003294669.905157,0.010571855752675233,4198962829.22169,"'electricity production, hard coal' (kilowatt hour, CN-SD, None)",2000,GLO,ReCiPe Midpoint (H) V1.13,climate change,GWP100,kg CO2-Eq
3970379893.42873,0.01048493477939385,2975982920.335492,"'electricity production, hard coal' (kilowatt hour, IN-CT, None)",2000,GLO,ReCiPe Midpoint (H) V1.13,climate change,GWP100,kg CO2-Eq
3882785697.6032596,0.010253617007559581,1804379900.9790037,"'aluminium production, primary, liquid, prebake' (kilogram, AU, None)",2000,GLO,ReCiPe Midpoint (H) V1.13,climate change,GWP100,kg CO2-Eq
162668835.4581383,0.6574804006276728,782339714137.3544,"'treatment of spoil from lignite mining, in surface landfill' (kilogram, GLO, None)",2000,GLO,ReCiPe Midpoint (H) V1.13,freshwater eutrophication,FEP,kg P-Eq
65887840.336611606,0.266307701404524,316882095413.6424,"'treatment of spoil from hard coal mining, in surface landfill' (kilogram, GLO, None)",2000,GLO,ReCiPe Midpoint (H) V1.13,freshwater eutrophication,FEP,kg P-Eq
12989967.893879244,0.052503291555229765,38893439878.24474,"'treatment of redmud from bauxite digestion, residual material landfill' (kilogram, RoW, None)",2000,GLO,ReCiPe Midpoint (H) V1.13,freshwater eutrophication,FEP,kg P-Eq
2887399.4521808196,0.01167038875790385,5792696951.346588,"'treatment of sulfidic tailing, off-site' (kilogram, GLO, None)",2000,GLO,ReCiPe Midpoint (H) V1.13,freshwater eutrophication,FEP,kg P-Eq
1733600.881885425,0.0070069266749243925,9237169849.510048,"'treatment of hard coal ash, residual material landfill' (kilogram, RoW, None)",2000,GLO,ReCiPe Midpoint (H) V1.13,freshwater eutrophication,FEP,kg P-Eq
497974.9748068204,0.002012732094727511,7293087706.596824,"'treatment of lignite ash, opencast refill' (kilogram, RoW, None)",2000,GLO,ReCiPe Midpoint (H) V1.13,freshwater eutrophication,FEP,kg P-Eq
175316.31838601027,0.0007085994248644256,23284576.84050612,"'treatment of basic oxygen furnace waste, residual material landfill' (kilogram, RoW, None)",2000,GLO,ReCiPe Midpoint (H) V1.13,freshwater eutrophication,FEP,kg P-Eq
149613.31341328204,0.0006047121500879776,860490581.6958464,"'treatment of lignite ash, opencast refill' (kilogram, DE, None)",2000,GLO,ReCiPe Midpoint (H) V1.13,freshwater eutrophication,FEP,kg P-Eq
110263.1454296949,0.00044566531030610013,330140386.2265667,"'treatment of redmud from bauxite digestion, residual material landfill' (kilogram, CH, None)",2000,GLO,ReCiPe Midpoint (H) V1.13,freshwater eutrophication,FEP,kg P-Eq
32667.133524851175,0.00013203512508580076,559320415.6826087,"'treatment of lignite ash, opencast refill' (kilogram, GR, None)",2000,GLO,ReCiPe Midpoint (H) V1.13,freshwater eutrophication,FEP,kg P-Eq
29724.76335318001,0.00012014255381474672,270695.09901923616,"'uranium production, in yellowcake, in-situ leaching' (kilogram, GLO, None)",2000,GLO,ReCiPe Midpoint (H) V1.13,freshwater eutrophication,FEP,kg P-Eq
25171.291844945754,0.00010173817867399648,479259287.6670738,"'treatment of waste cement, hydrated, residual material landfill' (kilogram, RoW, None)",2000,GLO,ReCiPe Midpoint (H) V1.13,freshwater eutrophication,FEP,kg P-Eq
24754.679492946987,0.00010005430077982494,188490477.30599526,"'treatment of filter dust from Al electrolysis, residual material landfill' (kilogram, RoW, None)",2000,GLO,ReCiPe Midpoint (H) V1.13,freshwater eutrophication,FEP,kg P-Eq
20141.558169401782,8.14088309981894e-05,40283114.4254583,"'treatment of drilling waste, landfarming' (kilogram, CH, None)",2000,GLO,ReCiPe Midpoint (H) V1.13,freshwater eutrophication,FEP,kg P-Eq
16461.413940411272,6.653429959068467e-05,122985.87609724805,"'treatment of uranium tailing, non-radioactive emission' (cubic meter, GLO, None)",2000,GLO,ReCiPe Midpoint (H) V1.13,freshwater eutrophication,FEP,kg P-Eq
15594.94351087598,6.303217010449e-05,81942923.9509726,"'treatment of decarbonising waste, residual material landfill' (kilogram, RoW, None)",2000,GLO,ReCiPe Midpoint (H) V1.13,freshwater eutrophication,FEP,kg P-Eq
13574.626922928666,5.4866386192056646e-05,409969.76792072365,"'treatment of ash from paper production sludge, residual material landfill' (kilogram, RoW, None)",2000,GLO,ReCiPe Midpoint (H) V1.13,freshwater eutrophication,FEP,kg P-Eq
11803.64872019371,4.770838659761865e-05,259928795.39663118,"'treatment of lignite ash, opencast refill' (kilogram, CZ, None)",2000,GLO,ReCiPe Midpoint (H) V1.13,freshwater eutrophication,FEP,kg P-Eq
9946.466549143006,4.020196488861699e-05,10585742.875863984,"'treatment of wastewater, average, capacity 1E9l/year' (cubic meter, RoW, None)",2000,GLO,ReCiPe Midpoint (H) V1.13,freshwater eutrophication,FEP,kg P-Eq
9918.092316754955,4.0087280956532166e-05,188839646.6905492,"'treatment of waste cement, hydrated, residual material landfill' (kilogram, Europe without Switzerland, None)",2000,GLO,ReCiPe Midpoint (H) V1.13,freshwater eutrophication,FEP,kg P-Eq
9461.094566014419,3.824017199188874e-05,31099253.190193832,"'treatment of slag, unalloyed electric arc furnace steel, residual material landfill' (kilogram, RoW, None)",2000,GLO,ReCiPe Midpoint (H) V1.13,freshwater eutrophication,FEP,kg P-Eq
8864.01399339938,3.582687154018076e-05,171511874.32927448,"'treatment of lignite ash, opencast refill' (kilogram, BA, None)",2000,GLO,ReCiPe Midpoint (H) V1.13,freshwater eutrophication,FEP,kg P-Eq
7453.930993378097,3.012755038157539e-05,410373472.75603753,"'treatment of refractory spent pot liner from Al electrolysis, residual material landfill' (kilogram, RoW, None)",2000,GLO,ReCiPe Midpoint (H) V1.13,freshwater eutrophication,FEP,kg P-Eq
7279.243060867459,2.94214907879941e-05,154983101.56074426,"'treatment of lignite ash, opencast refill' (kilogram, HU, None)",2000,GLO,ReCiPe Midpoint (H) V1.13,freshwater eutrophication,FEP,kg P-Eq
5036.080017574019,2.0354998535657915e-05,59024533.19429609,"'treatment of lignite ash, opencast refill' (kilogram, MK, None)",2000,GLO,ReCiPe Midpoint (H) V1.13,freshwater eutrophication,FEP,kg P-Eq
33973686.810671225,0.38601148720233164,782339714137.3544,"'treatment of spoil from lignite mining, in surface landfill' (kilogram, GLO, None)",2000,GLO,ReCiPe Midpoint (H) V1.13,marine eutrophication,MEP,kg N-Eq
13767416.087349502,0.15642637752055294,316882095413.6424,"'treatment of spoil from hard coal mining, in surface landfill' (kilogram, GLO, None)",2000,GLO,ReCiPe Midpoint (H) V1.13,marine eutrophication,MEP,kg N-Eq
10552237.034930209,0.11989528054063013,505657202.46048766,"'treatment of dross from Al electrolysis, residual material landfill' (kilogram, RoW, None)",2000,GLO,ReCiPe Midpoint (H) V1.13,marine eutrophication,MEP,kg N-Eq
1883140.5791966023,0.021396379487386548,11719818655.343681,"'electricity production, hard coal' (kilowatt hour, ZA, None)",2000,GLO,ReCiPe Midpoint (H) V1.13,marine eutrophication,MEP,kg N-Eq
1806197.6146024233,0.020522147957606672,185251024773.99963,"'heat production, at hard coal industrial furnace 1-10MW' (megajoule, RoW, None)",2000,GLO,ReCiPe Midpoint (H) V1.13,marine eutrophication,MEP,kg N-Eq
1466780.3999386877,0.016665665011126214,270695.09901923616,"'uranium production, in yellowcake, in-situ leaching' (kilogram, GLO, None)",2000,GLO,ReCiPe Midpoint (H) V1.13,marine eutrophication,MEP,kg N-Eq
1439633.6463684668,0.01635722163326283,19326535412.41537,"'electricity production, lignite' (kilowatt hour, AU, None)",2000,GLO,ReCiPe Midpoint (H) V1.13,marine eutrophication,MEP,kg N-Eq
1264914.1033678902,0.014372045546463206,68981517.22508256,"'blasting' (kilogram, RoW, None)",2000,GLO,ReCiPe Midpoint (H) V1.13,marine eutrophication,MEP,kg N-Eq
1126889.2197348978,0.012803796833892954,7274203176.698452,"'heat and power co-generation, hard coal' (kilowatt hour, RU, None)",2000,GLO,ReCiPe Midpoint (H) V1.13,marine eutrophication,MEP,kg N-Eq
1067670.2742555344,0.012130946891452714,260012191446.69455,"'heat production, heavy fuel oil, at industrial furnace 1MW' (megajoule, RoW, None)",2000,GLO,ReCiPe Midpoint (H) V1.13,marine eutrophication,MEP,kg N-Eq
682980.4828630745,0.007760073653158317,4143859210.219949,"'heat and power co-generation, lignite' (kilowatt hour, RU, None)",2000,GLO,ReCiPe Midpoint (H) V1.13,marine eutrophication,MEP,kg N-Eq
665253.4438748459,0.007558657753798507,3882552894.8555107,"'electricity production, hard coal' (kilowatt hour, CN-NM, None)",2000,GLO,ReCiPe Midpoint (H) V1.13,marine eutrophication,MEP,kg N-Eq
624688.0117897852,0.007097750379941131,34067077.54372053,"'blasting' (kilogram, RER, None)",2000,GLO,ReCiPe Midpoint (H) V1.13,marine eutrophication,MEP,kg N-Eq
549551.800913772,0.00624404731660778,5162802702.447924,"'electricity production, hard coal' (kilowatt hour, CN-JS, None)",2000,GLO,ReCiPe Midpoint (H) V1.13,marine eutrophication,MEP,kg N-Eq
543284.1825741206,0.006172834183632601,13510174197.98602,"'diesel, burned in building machine' (megajoule, GLO, None)",2000,GLO,ReCiPe Midpoint (H) V1.13,marine eutrophication,MEP,kg N-Eq
507198.4648164254,0.005762825648025678,4198962829.22169,"'electricity production, hard coal' (kilowatt hour, CN-SD, None)",2000,GLO,ReCiPe Midpoint (H) V1.13,marine eutrophication,MEP,kg N-Eq
463482.48820790066,0.005266121559382037,4660457133.441617,"'electricity production, hard coal' (kilowatt hour, AU, None)",2000,GLO,ReCiPe Midpoint (H) V1.13,marine eutrophication,MEP,kg N-Eq
451605.8507971358,0.005131178345963934,3976577340.7227893,"'electricity production, hard coal' (kilowatt hour, IN-UP, None)",2000,GLO,ReCiPe Midpoint (H) V1.13,marine eutrophication,MEP,kg N-Eq
409523.44588314433,0.004653035017086298,3111698675.895701,"'electricity production, hard coal' (kilowatt hour, CN-SX, None)",2000,GLO,ReCiPe Midpoint (H) V1.13,marine eutrophication,MEP,kg N-Eq
404128.63999844086,0.004591738842363566,3193595558.600082,"'electricity production, hard coal' (kilowatt hour, CN-HE, None)",2000,GLO,ReCiPe Midpoint (H) V1.13,marine eutrophication,MEP,kg N-Eq
366464.8147228781,0.0041637997349781965,3381271708.103873,"'electricity production, hard coal' (kilowatt hour, CN-GD, None)",2000,GLO,ReCiPe Midpoint (H) V1.13,marine eutrophication,MEP,kg N-Eq
361795.01387042773,0.004110741119878852,2821765248.0625567,"'electricity production, hard coal' (kilowatt hour, CN-HB, None)",2000,GLO,ReCiPe Midpoint (H) V1.13,marine eutrophication,MEP,kg N-Eq
346236.55836887984,0.003933964822970228,2920348684.9142,"'electricity production, hard coal' (kilowatt hour, RoW, None)",2000,GLO,ReCiPe Midpoint (H) V1.13,marine eutrophication,MEP,kg N-Eq
317598.49670777994,0.003608577094696918,2199608666.139767,"'electricity production, hard coal' (kilowatt hour, ES, None)",2000,GLO,ReCiPe Midpoint (H) V1.13,marine eutrophication,MEP,kg N-Eq
304174.70343531313,0.0034560549844567666,2975982920.335492,"'electricity production, hard coal' (kilowatt hour, IN-CT, None)",2000,GLO,ReCiPe Midpoint (H) V1.13,marine eutrophication,MEP,kg N-Eq
2849.012354269801,0.16950909501462033,4083722428.303627,"'petroleum and gas production, on-shore' (kilogram, RoW, None)",2000,GLO,ReCiPe Midpoint (H) V1.13,ozone depletion,ODPinf,kg CFC-11.
2672.1243523480434,0.15898470220889435,3826065713.5888886,"'petroleum production, onshore' (kilogram, RME, None)",2000,GLO,ReCiPe Midpoint (H) V1.13,ozone depletion,ODPinf,kg CFC-11.
2443.530659553537,0.145383950378677,72208.35611524383,"'uranium production, diffusion, enriched 3.8%' (unit, US, None)",2000,GLO,ReCiPe Midpoint (H) V1.13,ozone depletion,ODPinf,kg CFC-11.
1207.5482923240377,0.0718460970909899,8984734286.991142,"'transport, pipeline, long distance, natural gas' (ton kilometer, RU, None)",2000,GLO,ReCiPe Midpoint (H) V1.13,ozone depletion,ODPinf,kg CFC-11.
1143.5785561277075,0.06804005810533478,1637426304.8615084,"'petroleum production, onshore' (kilogram, RU, None)",2000,GLO,ReCiPe Midpoint (H) V1.13,ozone depletion,ODPinf,kg CFC-11.
1022.9231698790242,0.0608613650045477,1551645801.8300574,"'chlor-alkali electrolysis, diaphragm cell' (kilogram, RoW, None)",2000,GLO,ReCiPe Midpoint (H) V1.13,ozone depletion,ODPinf,kg CFC-11.
912.6966433582974,0.054303162921242855,26970.942227033545,"'uranium production, diffusion, enriched 4.2%' (unit, US, None)",2000,GLO,ReCiPe Midpoint (H) V1.13,ozone depletion,ODPinf,kg CFC-11.
823.7425667879106,0.0490106182979423,1249513876.6837573,"'chlor-alkali electrolysis, membrane cell' (kilogram, RoW, None)",2000,GLO,ReCiPe Midpoint (H) V1.13,ozone depletion,ODPinf,kg CFC-11.
523.3941100572047,0.03114063784202797,3894301400.724669,"'transport, pipeline, onshore, long distance, natural gas' (ton kilometer, DZ, None)",2000,GLO,ReCiPe Midpoint (H) V1.13,ozone depletion,ODPinf,kg CFC-11.
365.7898758743782,0.02176358088867182,2721650852.8015394,"'transport, pipeline, long distance, natural gas' (ton kilometer, RoW, None)",2000,GLO,ReCiPe Midpoint (H) V1.13,ozone depletion,ODPinf,kg CFC-11.
350.9993749231683,0.02088358314935172,502576413.67049205,"'petroleum production, onshore' (kilogram, RoW, None)",2000,GLO,ReCiPe Midpoint (H) V1.13,ozone depletion,ODPinf,kg CFC-11.
271.74144663220767,0.01616793504863375,389091409.9888095,"'petroleum production, onshore' (kilogram, RAF, None)",2000,GLO,ReCiPe Midpoint (H) V1.13,ozone depletion,ODPinf,kg CFC-11.
219.482387178963,0.013058651980429879,332927178.37465084,"'chlor-alkali electrolysis, mercury cell' (kilogram, RER, None)",2000,GLO,ReCiPe Midpoint (H) V1.13,ozone depletion,ODPinf,kg CFC-11.
219.482387178963,0.013058651980429879,332927178.37465084,"'chlor-alkali electrolysis, mercury cell' (kilogram, RoW, None)",2000,GLO,ReCiPe Midpoint (H) V1.13,ozone depletion,ODPinf,kg CFC-11.
193.56744639738298,0.011516777950764962,330304816.1315901,"'petroleum and gas production, on-shore' (cubic meter, US, None)",2000,GLO,ReCiPe Midpoint (H) V1.13,ozone depletion,ODPinf,kg CFC-11.
190.85425136951642,0.011355349646292165,289501896.73966557,"'chlor-alkali electrolysis, membrane cell' (kilogram, RER, None)",2000,GLO,ReCiPe Midpoint (H) V1.13,ozone depletion,ODPinf,kg CFC-11.
175.90817994804684,0.010466095853875205,5198.232504925384,"'uranium production, diffusion, enriched 4.0%' (unit, US, None)",2000,GLO,ReCiPe Midpoint (H) V1.13,ozone depletion,ODPinf,kg CFC-11.
173.5215490394965,0.010324097296081667,296098359.60069,"'petroleum and gas production, on-shore' (cubic meter, RoW, None)",2000,GLO,ReCiPe Midpoint (H) V1.13,ozone depletion,ODPinf,kg CFC-11.
157.13147431568578,0.00934892892607043,1169132989.3999527,"'transport, pipeline, long distance, natural gas' (ton kilometer, RER w/o DE+NL+NO+RU, None)",2000,GLO,ReCiPe Midpoint (H) V1.13,ozone depletion,ODPinf,kg CFC-11.
154.4714017279989,0.009190661273655294,221416494.32398018,"'petroleum and gas production, on-shore' (kilogram, CA-AB, None)",2000,GLO,ReCiPe Midpoint (H) V1.13,ozone depletion,ODPinf,kg CFC-11.
101.96192504626543,0.00606647900794054,758645273.0330824,"'transport, pipeline, onshore, long distance, natural gas' (ton kilometer, NO, None)",2000,GLO,ReCiPe Midpoint (H) V1.13,ozone depletion,ODPinf,kg CFC-11.
99.51030084924373,0.005920613512366161,5751.107689993834,"'uranium production, diffusion, enriched 3.8%' (unit, RoW, None)",2000,GLO,ReCiPe Midpoint (H) V1.13,ozone depletion,ODPinf,kg CFC-11.
95.1242210040823,0.00565965275377172,707769499.0846438,"'transport, pipeline, offshore, long distance, natural gas' (ton kilometer, NO, None)",2000,GLO,ReCiPe Midpoint (H) V1.13,ozone depletion,ODPinf,kg CFC-11.
89.15527836273996,0.005304515625702846,127793552.49404982,"'petroleum and gas production, on-shore' (kilogram, US, None)",2000,GLO,ReCiPe Midpoint (H) V1.13,ozone depletion,ODPinf,kg CFC-11.
66.79898513535943,0.003974372206993091,101325659.54493612,"'chlor-alkali electrolysis, diaphragm cell' (kilogram, RER, None)",2000,GLO,ReCiPe Midpoint (H) V1.13,ozone depletion,ODPinf,kg CFC-11.
58815850.3093381,0.06290487348091106,185251024773.99963,"'heat production, at hard coal industrial furnace 1-10MW' (megajoule, RoW, None)",2000,GLO,ReCiPe Midpoint (H) V1.13,photochemical oxidant formation,POFP,kg NMVOC-.
55719941.835390694,0.059593729803860074,11719818655.343681,"'electricity production, hard coal' (kilowatt hour, ZA, None)",2000,GLO,ReCiPe Midpoint (H) V1.13,photochemical oxidant formation,POFP,kg NMVOC-.
41201216.90350353,0.04406562725767435,19326535412.41537,"'electricity production, lignite' (kilowatt hour, AU, None)",2000,GLO,ReCiPe Midpoint (H) V1.13,photochemical oxidant formation,POFP,kg NMVOC-.
36512613.79675172,0.03905106088345325,260012191446.69455,"'heat production, heavy fuel oil, at industrial furnace 1MW' (megajoule, RoW, None)",2000,GLO,ReCiPe Midpoint (H) V1.13,photochemical oxidant formation,POFP,kg NMVOC-.
33259529.394311883,0.03557181401918214,7274203176.698452,"'heat and power co-generation, hard coal' (kilowatt hour, RU, None)",2000,GLO,ReCiPe Midpoint (H) V1.13,photochemical oxidant formation,POFP,kg NMVOC-.
27213981.06499468,0.029105964239262306,68981517.22508256,"'blasting' (kilogram, RoW, None)",2000,GLO,ReCiPe Midpoint (H) V1.13,photochemical oxidant formation,POFP,kg NMVOC-.
21655204.470577296,0.023160727767437328,4143859210.219949,"'heat and power co-generation, lignite' (kilowatt hour, RU, None)",2000,GLO,ReCiPe Midpoint (H) V1.13,photochemical oxidant formation,POFP,kg NMVOC-.
18563606.041550256,0.019854193780274133,3236662932.186402,"'aluminium production, primary, liquid, prebake' (kilogram, US, None)",2000,GLO,ReCiPe Midpoint (H) V1.13,photochemical oxidant formation,POFP,kg NMVOC-.
18174798.18149107,0.019438355037541145,3882552894.8555107,"'electricity production, hard coal' (kilowatt hour, CN-NM, None)",2000,GLO,ReCiPe Midpoint (H) V1.13,photochemical oxidant formation,POFP,kg NMVOC-.
16474988.960133526,0.01762037088107974,2872501493.303144,"'aluminium production, primary, liquid, prebake' (kilogram, CN, None)",2000,GLO,ReCiPe Midpoint (H) V1.13,photochemical oxidant formation,POFP,kg NMVOC-.
15740453.683272481,0.01683476889768252,13510174197.98602,"'diesel, burned in building machine' (megajoule, GLO, None)",2000,GLO,ReCiPe Midpoint (H) V1.13,photochemical oxidant formation,POFP,kg NMVOC-.
14958040.13024667,0.015997960022116123,5162802702.447924,"'electricity production, hard coal' (kilowatt hour, CN-JS, None)",2000,GLO,ReCiPe Midpoint (H) V1.13,photochemical oxidant formation,POFP,kg NMVOC-.
14143930.620703286,0.015127251608855244,4198962829.22169,"'electricity production, hard coal' (kilowatt hour, CN-SD, None)",2000,GLO,ReCiPe Midpoint (H) V1.13,photochemical oxidant formation,POFP,kg NMVOC-.
13728388.622917846,0.014682820105115716,2478296878.7822266,"'aluminium production, primary, liquid, prebake' (kilogram, CA, None)",2000,GLO,ReCiPe Midpoint (H) V1.13,photochemical oxidant formation,POFP,kg NMVOC-.
13439843.60606975,0.014374214726073952,34067077.54372053,"'blasting' (kilogram, RER, None)",2000,GLO,ReCiPe Midpoint (H) V1.13,photochemical oxidant formation,POFP,kg NMVOC-.
13367137.155134585,0.014296453543105958,3976577340.7227893,"'electricity production, hard coal' (kilowatt hour, IN-UP, None)",2000,GLO,ReCiPe Midpoint (H) V1.13,photochemical oxidant formation,POFP,kg NMVOC-.
13307079.180433365,0.014232220189677756,4660457133.441617,"'electricity production, hard coal' (kilowatt hour, AU, None)",2000,GLO,ReCiPe Midpoint (H) V1.13,photochemical oxidant formation,POFP,kg NMVOC-.
12130137.277912334,0.012973454379388795,29300556700.72968,"'hard coal mine operation and hard coal preparation' (kilogram, CN, None)",2000,GLO,ReCiPe Midpoint (H) V1.13,photochemical oxidant formation,POFP,kg NMVOC-.
11323998.499044955,0.012111270841685907,3111698675.895701,"'electricity production, hard coal' (kilowatt hour, CN-SX, None)",2000,GLO,ReCiPe Midpoint (H) V1.13,photochemical oxidant formation,POFP,kg NMVOC-.
10853261.379217634,0.011607806914704226,3193595558.600082,"'electricity production, hard coal' (kilowatt hour, CN-HE, None)",2000,GLO,ReCiPe Midpoint (H) V1.13,photochemical oxidant formation,POFP,kg NMVOC-.
10353442.363758907,0.011073239246883007,2920348684.9142,"'electricity production, hard coal' (kilowatt hour, RoW, None)",2000,GLO,ReCiPe Midpoint (H) V1.13,photochemical oxidant formation,POFP,kg NMVOC-.
10348868.0572737,0.011068346923313741,1804379900.9790037,"'aluminium production, primary, liquid, prebake' (kilogram, AU, None)",2000,GLO,ReCiPe Midpoint (H) V1.13,photochemical oxidant formation,POFP,kg NMVOC-.
10147635.961102556,0.010853124674831948,3381271708.103873,"'electricity production, hard coal' (kilowatt hour, CN-GD, None)",2000,GLO,ReCiPe Midpoint (H) V1.13,photochemical oxidant formation,POFP,kg NMVOC-.
9997065.574102383,0.010692086262662399,1886642888.8277128,"'aluminium production, primary, liquid, Söderberg' (kilogram, RU, None)",2000,GLO,ReCiPe Midpoint (H) V1.13,photochemical oxidant formation,POFP,kg NMVOC-.
9829687.16036955,0.01051307128823079,2821765248.0625567,"'electricity production, hard coal' (kilowatt hour, CN-HB, None)",2000,GLO,ReCiPe Midpoint (H) V1.13,photochemical oxidant formation,POFP,kg NMVOC-.
141717032.70645425,0.07388602217708751,185251024773.99963,"'heat production, at hard coal industrial furnace 1-10MW' (megajoule, RoW, None)",2000,GLO,ReCiPe Midpoint (H) V1.13,terrestrial acidification,TAP100,kg SO2-Eq
123170372.07661949,0.0642164789158668,260012191446.69455,"'heat production, heavy fuel oil, at industrial furnace 1MW' (megajoule, RoW, None)",2000,GLO,ReCiPe Midpoint (H) V1.13,terrestrial acidification,TAP100,kg SO2-Eq
116462181.9101668,0.06071907653634274,11719818655.343681,"'electricity production, hard coal' (kilowatt hour, ZA, None)",2000,GLO,ReCiPe Midpoint (H) V1.13,terrestrial acidification,TAP100,kg SO2-Eq
87901670.86626059,0.045828681838691834,29300556700.72968,"'hard coal mine operation and hard coal preparation' (kilogram, CN, None)",2000,GLO,ReCiPe Midpoint (H) V1.13,terrestrial acidification,TAP100,kg SO2-Eq
70920654.4850993,0.036975407613519404,19326535412.41537,"'electricity production, lignite' (kilowatt hour, AU, None)",2000,GLO,ReCiPe Midpoint (H) V1.13,terrestrial acidification,TAP100,kg SO2-Eq
67995931.85879989,0.035450565350725216,7274203176.698452,"'heat and power co-generation, hard coal' (kilowatt hour, RU, None)",2000,GLO,ReCiPe Midpoint (H) V1.13,terrestrial acidification,TAP100,kg SO2-Eq
60112266.42827132,0.03134031362083387,4143859210.219949,"'heat and power co-generation, lignite' (kilowatt hour, RU, None)",2000,GLO,ReCiPe Midpoint (H) V1.13,terrestrial acidification,TAP100,kg SO2-Eq
52185005.71470275,0.027207332921897694,3236662932.186402,"'aluminium production, primary, liquid, prebake' (kilogram, US, None)",2000,GLO,ReCiPe Midpoint (H) V1.13,terrestrial acidification,TAP100,kg SO2-Eq
46313598.290649496,0.024146198131961064,2872501493.303144,"'aluminium production, primary, liquid, prebake' (kilogram, CN, None)",2000,GLO,ReCiPe Midpoint (H) V1.13,terrestrial acidification,TAP100,kg SO2-Eq
41155410.207430184,0.021456909541649128,2478296878.7822266,"'aluminium production, primary, liquid, prebake' (kilogram, CA, None)",2000,GLO,ReCiPe Midpoint (H) V1.13,terrestrial acidification,TAP100,kg SO2-Eq
39787572.97554645,0.020743769772070784,1619431794.4996078,"'electricity production, lignite' (kilowatt hour, BA, None)",2000,GLO,ReCiPe Midpoint (H) V1.13,terrestrial acidification,TAP100,kg SO2-Eq
29092178.400077295,0.01516758640367723,1804379900.9790037,"'aluminium production, primary, liquid, prebake' (kilogram, AU, None)",2000,GLO,ReCiPe Midpoint (H) V1.13,terrestrial acidification,TAP100,kg SO2-Eq
27251125.118930083,0.014207729278797933,8103257569.831686,"'anode production, prebake, for aluminium electrolysis' (kilogram, RoW, None)",2000,GLO,ReCiPe Midpoint (H) V1.13,terrestrial acidification,TAP100,kg SO2-Eq
23339569.679909725,0.012168388866463693,4660457133.441617,"'electricity production, hard coal' (kilowatt hour, AU, None)",2000,GLO,ReCiPe Midpoint (H) V1.13,terrestrial acidification,TAP100,kg SO2-Eq
22835331.80971241,0.01190549788047264,6336107460.277513,"'electricity production, lignite' (kilowatt hour, US-RFC, None)",2000,GLO,ReCiPe Midpoint (H) V1.13,terrestrial acidification,TAP100,kg SO2-Eq
22757692.665884055,0.011865019700869528,68981517.22508256,"'blasting' (kilogram, RoW, None)",2000,GLO,ReCiPe Midpoint (H) V1.13,terrestrial acidification,TAP100,kg SO2-Eq
22668914.9395621,0.011818734276100282,2920348684.9142,"'electricity production, hard coal' (kilowatt hour, RoW, None)",2000,GLO,ReCiPe Midpoint (H) V1.13,terrestrial acidification,TAP100,kg SO2-Eq
22431430.125227742,0.011694918472710047,1886642888.8277128,"'aluminium production, primary, liquid, Söderberg' (kilogram, RU, None)",2000,GLO,ReCiPe Midpoint (H) V1.13,terrestrial acidification,TAP100,kg SO2-Eq
22293701.735721417,0.01162311198165433,3882552894.8555107,"'electricity production, hard coal' (kilowatt hour, CN-NM, None)",2000,GLO,ReCiPe Midpoint (H) V1.13,terrestrial acidification,TAP100,kg SO2-Eq
21954592.84007851,0.011446313138879952,1423256983.998825,"'aluminium production, primary, liquid, prebake' (kilogram, RU, None)",2000,GLO,ReCiPe Midpoint (H) V1.13,terrestrial acidification,TAP100,kg SO2-Eq
21004963.34949422,0.01095121142625334,2199608666.139767,"'electricity production, hard coal' (kilowatt hour, ES, None)",2000,GLO,ReCiPe Midpoint (H) V1.13,terrestrial acidification,TAP100,kg SO2-Eq
20903312.471455,0.01089821441604439,5800031074.589672,"'electricity production, hard coal' (kilowatt hour, US-RFC, None)",2000,GLO,ReCiPe Midpoint (H) V1.13,terrestrial acidification,TAP100,kg SO2-Eq
20825440.995576393,0.010857615107098604,4124895038.0836377,"'treatment of waste natural gas, sour, burned in production flare' (megajoule, GLO, None)",2000,GLO,ReCiPe Midpoint (H) V1.13,terrestrial acidification,TAP100,kg SO2-Eq
20547345.16265961,0.010712626219836154,4198962829.22169,"'electricity production, hard coal' (kilowatt hour, CN-SD, None)",2000,GLO,ReCiPe Midpoint (H) V1.13,terrestrial acidification,TAP100,kg SO2-Eq
19891533.97786813,0.010370710510636587,14776585335.441671,"'hard coal mine operation and hard coal preparation' (kilogram, RoW, None)",2000,GLO,ReCiPe Midpoint (H) V1.13,terrestrial acidification,TAP100,kg SO2-Eq
183492350859.71585,0.15318486944145235,243843657607.2729,"'hard coal mine operation and hard coal preparation' (kilogram, CN, None)",2017,GLO,ReCiPe Midpoint (H) V1.13,climate change,GWP100,kg CO2-Eq
90532415857.30254,0.07557915214636231,786827861641.5911,"'heat production, at hard coal industrial furnace 1-10MW' (megajoule, RoW, None)",2017,GLO,ReCiPe Midpoint (H) V1.13,climate change,GWP100,kg CO2-Eq
71908077556.21127,0.060031000859842115,33416598279.054626,"'aluminium production, primary, liquid, prebake' (kilogram, CN, None)",2017,GLO,ReCiPe Midpoint (H) V1.13,climate change,GWP100,kg CO2-Eq
47899429272.06212,0.039987867532257956,89420287048.69904,"'electricity production, natural gas, conventional power plant' (kilowatt hour, RoW, None)",2017,GLO,ReCiPe Midpoint (H) V1.13,climate change,GWP100,kg CO2-Eq
47211348707.85588,0.03941343742168775,34908970215.26002,"'electricity production, hard coal' (kilowatt hour, CN-NM, None)",2017,GLO,ReCiPe Midpoint (H) V1.13,climate change,GWP100,kg CO2-Eq
39000297082.82858,0.03255860742325116,46420004501.827484,"'electricity production, hard coal' (kilowatt hour, CN-JS, None)",2017,GLO,ReCiPe Midpoint (H) V1.13,climate change,GWP100,kg CO2-Eq
35994588011.52093,0.03004935213544213,37753887629.03774,"'electricity production, hard coal' (kilowatt hour, CN-SD, None)",2017,GLO,ReCiPe Midpoint (H) V1.13,climate change,GWP100,kg CO2-Eq
29062838811.937637,0.024262521833448458,27978033644.85608,"'electricity production, hard coal' (kilowatt hour, CN-SX, None)",2017,GLO,ReCiPe Midpoint (H) V1.13,climate change,GWP100,kg CO2-Eq
28679982240.271545,0.02394290178568794,28714388159.029034,"'electricity production, hard coal' (kilowatt hour, CN-HE, None)",2017,GLO,ReCiPe Midpoint (H) V1.13,climate change,GWP100,kg CO2-Eq
27439756697.858284,0.022907524632894378,32076607704.625824,"'electricity production, hard coal' (kilowatt hour, CN-GD, None)",2017,GLO,ReCiPe Midpoint (H) V1.13,climate change,GWP100,kg CO2-Eq
27229237351.52769,0.022731776824163066,18368613907.376312,"'electricity production, hard coal' (kilowatt hour, IN-UP, None)",2017,GLO,ReCiPe Midpoint (H) V1.13,climate change,GWP100,kg CO2-Eq
25675674903.23788,0.021434816707322227,25371172098.902214,"'electricity production, hard coal' (kilowatt hour, CN-HB, None)",2017,GLO,ReCiPe Midpoint (H) V1.13,climate change,GWP100,kg CO2-Eq
22749285655.0846,0.018991779965938115,57483191409.34253,"'hard coal mine operation and hard coal preparation' (kilogram, RoW, None)",2017,GLO,ReCiPe Midpoint (H) V1.13,climate change,GWP100,kg CO2-Eq
21393401120.86728,0.017859847248423603,26759490591.524292,"'electricity production, hard coal' (kilowatt hour, CN-ZJ, None)",2017,GLO,ReCiPe Midpoint (H) V1.13,climate change,GWP100,kg CO2-Eq
18496942047.869114,0.015441797107036793,15396364287.663145,"'electricity production, lignite' (kilowatt hour, AU, None)",2017,GLO,ReCiPe Midpoint (H) V1.13,climate change,GWP100,kg CO2-Eq
18039051165.87503,0.015059536186360484,13521101156.479494,"'electricity production, hard coal' (kilowatt hour, IN-CT, None)",2017,GLO,ReCiPe Midpoint (H) V1.13,climate change,GWP100,kg CO2-Eq
17079816514.113363,0.01425873858250741,20802473107.283344,"'electricity production, hard coal' (kilowatt hour, CN-AH, None)",2017,GLO,ReCiPe Midpoint (H) V1.13,climate change,GWP100,kg CO2-Eq
16928874424.537384,0.01413272763885454,15501011356.347012,"'electricity production, hard coal' (kilowatt hour, CN-LN, None)",2017,GLO,ReCiPe Midpoint (H) V1.13,climate change,GWP100,kg CO2-Eq
15595585680.97413,0.013019658559115946,186800792771.48306,"'heat production, heavy fuel oil, at industrial furnace 1MW' (megajoule, RoW, None)",2017,GLO,ReCiPe Midpoint (H) V1.13,climate change,GWP100,kg CO2-Eq
13047680520.499166,0.010892591585872176,12053990642.74216,"'electricity production, hard coal' (kilowatt hour, ZA, None)",2017,GLO,ReCiPe Midpoint (H) V1.13,climate change,GWP100,kg CO2-Eq
12691701358.360695,0.010595409598609124,8670090963.364613,"'electricity production, hard coal' (kilowatt hour, IN-MP, None)",2017,GLO,ReCiPe Midpoint (H) V1.13,climate change,GWP100,kg CO2-Eq
12538937787.309301,0.01046787802807075,11797548042.592772,"'electricity production, hard coal' (kilowatt hour, CN-NX, None)",2017,GLO,ReCiPe Midpoint (H) V1.13,climate change,GWP100,kg CO2-Eq
12136303470.641054,0.010131746930820666,13242127658.61636,"'electricity production, hard coal' (kilowatt hour, CN-SA, None)",2017,GLO,ReCiPe Midpoint (H) V1.13,climate change,GWP100,kg CO2-Eq
11363430290.316235,0.009486529423561351,11378189734.363476,"'electricity production, hard coal' (kilowatt hour, CN-XJ, None)",2017,GLO,ReCiPe Midpoint (H) V1.13,climate change,GWP100,kg CO2-Eq
11359259670.194397,0.009483047665897556,13161949603.493893,"'electricity production, hard coal' (kilowatt hour, CN-FJ, None)",2017,GLO,ReCiPe Midpoint (H) V1.13,climate change,GWP100,kg CO2-Eq
186490686.42521304,0.5476662424513498,896911466328.8281,"'treatment of spoil from hard coal mining, in surface landfill' (kilogram, GLO, None)",2017,GLO,ReCiPe Midpoint (H) V1.13,freshwater eutrophication,FEP,kg P-Eq
104126811.99203455,0.30578867478717076,500787628425.8898,"'treatment of spoil from lignite mining, in surface landfill' (kilogram, GLO, None)",2017,GLO,ReCiPe Midpoint (H) V1.13,freshwater eutrophication,FEP,kg P-Eq
31958719.621518746,0.09385300801974568,95688037902.76518,"'treatment of redmud from bauxite digestion, residual material landfill' (kilogram, RoW, None)",2017,GLO,ReCiPe Midpoint (H) V1.13,freshwater eutrophication,FEP,kg P-Eq
9318295.964781798,0.027364991973087983,49650806846.08369,"'treatment of hard coal ash, residual material landfill' (kilogram, RoW, None)",2017,GLO,ReCiPe Midpoint (H) V1.13,freshwater eutrophication,FEP,kg P-Eq
6926853.211570991,0.020342054303684864,13896643725.82274,"'treatment of sulfidic tailing, off-site' (kilogram, GLO, None)",2017,GLO,ReCiPe Midpoint (H) V1.13,freshwater eutrophication,FEP,kg P-Eq
476363.94368998095,0.0013989355505140486,63268114.18931208,"'treatment of basic oxygen furnace waste, residual material landfill' (kilogram, RoW, None)",2017,GLO,ReCiPe Midpoint (H) V1.13,freshwater eutrophication,FEP,kg P-Eq
317069.5925157591,0.0009311366463242833,4643639669.261299,"'treatment of lignite ash, opencast refill' (kilogram, RoW, None)",2017,GLO,ReCiPe Midpoint (H) V1.13,freshwater eutrophication,FEP,kg P-Eq
271276.18622019695,0.0007966553848968073,812231725.6939662,"'treatment of redmud from bauxite digestion, residual material landfill' (kilogram, CH, None)",2017,GLO,ReCiPe Midpoint (H) V1.13,freshwater eutrophication,FEP,kg P-Eq
95261.47842526516,0.0002797538951654148,547889777.408577,"'treatment of lignite ash, opencast refill' (kilogram, DE, None)",2017,GLO,ReCiPe Midpoint (H) V1.13,freshwater eutrophication,FEP,kg P-Eq
64002.850733701365,0.00018795684352611124,487339288.2011237,"'treatment of filter dust from Al electrolysis, residual material landfill' (kilogram, RoW, None)",2017,GLO,ReCiPe Midpoint (H) V1.13,freshwater eutrophication,FEP,kg P-Eq
53999.88397487205,0.00015858118234331686,1028153266.3210672,"'treatment of waste cement, hydrated, residual material landfill' (kilogram, RoW, None)",2017,GLO,ReCiPe Midpoint (H) V1.13,freshwater eutrophication,FEP,kg P-Eq
38378.84534831096,0.0001127069583175133,201659903.64181405,"'treatment of decarbonising waste, residual material landfill' (kilogram, RoW, None)",2017,GLO,ReCiPe Midpoint (H) V1.13,freshwater eutrophication,FEP,kg P-Eq
32499.813697498153,9.544203621780084e-05,64999624.30767982,"'treatment of drilling waste, landfarming' (kilogram, CH, None)",2017,GLO,ReCiPe Midpoint (H) V1.13,freshwater eutrophication,FEP,kg P-Eq
27337.35749299093,8.028147755646555e-05,825620.488179824,"'treatment of ash from paper production sludge, residual material landfill' (kilogram, RoW, None)",2017,GLO,ReCiPe Midpoint (H) V1.13,freshwater eutrophication,FEP,kg P-Eq
26752.85828234911,7.856498172204028e-05,310235152.4865541,"'treatment of hard coal ash, residual material landfill' (kilogram, PL, None)",2017,GLO,ReCiPe Midpoint (H) V1.13,freshwater eutrophication,FEP,kg P-Eq
25508.89012836894,7.491182682364449e-05,27148389.894383613,"'treatment of wastewater, average, capacity 1E9l/year' (cubic meter, RoW, None)",2017,GLO,ReCiPe Midpoint (H) V1.13,freshwater eutrophication,FEP,kg P-Eq
24461.536970061454,7.183607017474695e-05,80406714.71416181,"'treatment of slag, unalloyed electric arc furnace steel, residual material landfill' (kilogram, RoW, None)",2017,GLO,ReCiPe Midpoint (H) V1.13,freshwater eutrophication,FEP,kg P-Eq
21260.793978077058,6.243646464444314e-05,404803735.93600845,"'treatment of waste cement, hydrated, residual material landfill' (kilogram, Europe without Switzerland, None)",2017,GLO,ReCiPe Midpoint (H) V1.13,freshwater eutrophication,FEP,kg P-Eq
20799.74946411824,6.10825175846585e-05,356129334.3205182,"'treatment of lignite ash, opencast refill' (kilogram, GR, None)",2017,GLO,ReCiPe Midpoint (H) V1.13,freshwater eutrophication,FEP,kg P-Eq
19765.358851872614,5.804482797830548e-05,179997.59015696248,"'uranium production, in yellowcake, in-situ leaching' (kilogram, GLO, None)",2017,GLO,ReCiPe Midpoint (H) V1.13,freshwater eutrophication,FEP,kg P-Eq
17478.24331849308,5.1328267520363284e-05,166754235.99845347,"'treatment of hard coal ash, residual material landfill' (kilogram, ES, None)",2017,GLO,ReCiPe Midpoint (H) V1.13,freshwater eutrophication,FEP,kg P-Eq
13955.65607807511,4.0983503636187046e-05,768323593.8776935,"'treatment of refractory spent pot liner from Al electrolysis, residual material landfill' (kilogram, RoW, None)",2017,GLO,ReCiPe Midpoint (H) V1.13,freshwater eutrophication,FEP,kg P-Eq
11990.760498597634,3.5213204864439855e-05,1223546.9751414207,"'treatment of wood ash mixture, pure, landfarming' (kilogram, Europe without Switzerland, None)",2017,GLO,ReCiPe Midpoint (H) V1.13,freshwater eutrophication,FEP,kg P-Eq
10945.949337781321,3.2144913286538615e-05,81778.9513037113,"'treatment of uranium tailing, non-radioactive emission' (cubic meter, GLO, None)",2017,GLO,ReCiPe Midpoint (H) V1.13,freshwater eutrophication,FEP,kg P-Eq
9468.249119603504,2.780535863385344e-05,966147.8578886786,"'treatment of wood ash mixture, pure, landfarming' (kilogram, RoW, None)",2017,GLO,ReCiPe Midpoint (H) V1.13,freshwater eutrophication,FEP,kg P-Eq
38967658.72601626,0.2063496663439939,896911466328.8281,"'treatment of spoil from hard coal mining, in surface landfill' (kilogram, GLO, None)",2017,GLO,ReCiPe Midpoint (H) V1.13,marine eutrophication,MEP,kg N-Eq
26960461.939222585,0.14276665592752877,1291930015.9864075,"'treatment of dross from Al electrolysis, residual material landfill' (kilogram, RoW, None)",2017,GLO,ReCiPe Midpoint (H) V1.13,marine eutrophication,MEP,kg N-Eq
21747077.05534289,0.11515965395506575,500787628425.8898,"'treatment of spoil from lignite mining, in surface landfill' (kilogram, GLO, None)",2017,GLO,ReCiPe Midpoint (H) V1.13,marine eutrophication,MEP,kg N-Eq
7671572.17366838,0.040624107532368905,786827861641.5911,"'heat production, at hard coal industrial furnace 1-10MW' (megajoule, RoW, None)",2017,GLO,ReCiPe Midpoint (H) V1.13,marine eutrophication,MEP,kg N-Eq
5981454.287100035,0.03167424312230744,34908970215.26002,"'electricity production, hard coal' (kilowatt hour, CN-NM, None)",2017,GLO,ReCiPe Midpoint (H) V1.13,marine eutrophication,MEP,kg N-Eq
4941152.808397875,0.026165421960207824,46420004501.827484,"'electricity production, hard coal' (kilowatt hour, CN-JS, None)",2017,GLO,ReCiPe Midpoint (H) V1.13,marine eutrophication,MEP,kg N-Eq
4560343.738467706,0.024148882422296247,37753887629.03774,"'electricity production, hard coal' (kilowatt hour, CN-SD, None)",2017,GLO,ReCiPe Midpoint (H) V1.13,marine eutrophication,MEP,kg N-Eq
3682124.119546353,0.01949835089779946,27978033644.85608,"'electricity production, hard coal' (kilowatt hour, CN-SX, None)",2017,GLO,ReCiPe Midpoint (H) V1.13,marine eutrophication,MEP,kg N-Eq
3633618.102907967,0.019241491731089386,28714388159.029034,"'electricity production, hard coal' (kilowatt hour, CN-HE, None)",2017,GLO,ReCiPe Midpoint (H) V1.13,marine eutrophication,MEP,kg N-Eq
3476487.284722235,0.01840941988061054,32076607704.625824,"'electricity production, hard coal' (kilowatt hour, CN-GD, None)",2017,GLO,ReCiPe Midpoint (H) V1.13,marine eutrophication,MEP,kg N-Eq
3252986.253103022,0.017225890646113007,25371172098.902214,"'electricity production, hard coal' (kilowatt hour, CN-HB, None)",2017,GLO,ReCiPe Midpoint (H) V1.13,marine eutrophication,MEP,kg N-Eq
2908276.0090924692,0.015400509133277989,158601513.79635504,"'blasting' (kilogram, RoW, None)",2017,GLO,ReCiPe Midpoint (H) V1.13,marine eutrophication,MEP,kg N-Eq
2710442.6252645776,0.014352900575842799,26759490591.524292,"'electricity production, hard coal' (kilowatt hour, CN-ZJ, None)",2017,GLO,ReCiPe Midpoint (H) V1.13,marine eutrophication,MEP,kg N-Eq
2163931.9169515283,0.011458903194405907,20802473107.283344,"'electricity production, hard coal' (kilowatt hour, CN-AH, None)",2017,GLO,ReCiPe Midpoint (H) V1.13,marine eutrophication,MEP,kg N-Eq
2144808.167470557,0.011357635131256661,15501011356.347012,"'electricity production, hard coal' (kilowatt hour, CN-LN, None)",2017,GLO,ReCiPe Midpoint (H) V1.13,marine eutrophication,MEP,kg N-Eq
2086058.638079198,0.011046532381332404,18368613907.376312,"'electricity production, hard coal' (kilowatt hour, IN-UP, None)",2017,GLO,ReCiPe Midpoint (H) V1.13,marine eutrophication,MEP,kg N-Eq
1936835.337486563,0.010256334065735841,12053990642.74216,"'electricity production, hard coal' (kilowatt hour, ZA, None)",2017,GLO,ReCiPe Midpoint (H) V1.13,marine eutrophication,MEP,kg N-Eq
1588624.0879316274,0.008412413298822682,11797548042.592772,"'electricity production, hard coal' (kilowatt hour, CN-NX, None)",2017,GLO,ReCiPe Midpoint (H) V1.13,marine eutrophication,MEP,kg N-Eq
1537612.1896516199,0.008142284465482598,13242127658.61636,"'electricity production, hard coal' (kilowatt hour, CN-SA, None)",2017,GLO,ReCiPe Midpoint (H) V1.13,marine eutrophication,MEP,kg N-Eq
1501294.541215895,0.007949967685821752,3345738667.63676,"'electricity production, hard coal, at coal mine power plant' (kilowatt hour, RoW, None)",2017,GLO,ReCiPe Midpoint (H) V1.13,marine eutrophication,MEP,kg N-Eq
1439692.7405277602,0.00762376099458682,11378189734.363476,"'electricity production, hard coal' (kilowatt hour, CN-XJ, None)",2017,GLO,ReCiPe Midpoint (H) V1.13,marine eutrophication,MEP,kg N-Eq
1439164.3790875392,0.0076209631049916245,13161949603.493893,"'electricity production, hard coal' (kilowatt hour, CN-FJ, None)",2017,GLO,ReCiPe Midpoint (H) V1.13,marine eutrophication,MEP,kg N-Eq
1436275.5170637176,0.007605665400838528,78326634.24061735,"'blasting' (kilogram, RER, None)",2017,GLO,ReCiPe Midpoint (H) V1.13,marine eutrophication,MEP,kg N-Eq
1430704.2719932117,0.007576163383036982,11655616437.720669,"'electricity production, hard coal' (kilowatt hour, CN-GZ, None)",2017,GLO,ReCiPe Midpoint (H) V1.13,marine eutrophication,MEP,kg N-Eq
1411816.2183456467,0.007476143425577738,35108482185.17625,"'diesel, burned in building machine' (megajoule, GLO, None)",2017,GLO,ReCiPe Midpoint (H) V1.13,marine eutrophication,MEP,kg N-Eq
3522.140211656205,0.14694896526186632,5048571641.472221,"'petroleum and gas production, on-shore' (kilogram, RoW, None)",2017,GLO,ReCiPe Midpoint (H) V1.13,ozone depletion,ODPinf,kg CFC-11.
3303.4593963222806,0.13782527409545736,4730039124.637066,"'petroleum production, onshore' (kilogram, RME, None)",2017,GLO,ReCiPe Midpoint (H) V1.13,ozone depletion,ODPinf,kg CFC-11.
2518.1033563340998,0.10505904376297652,3819646104.8898406,"'chlor-alkali electrolysis, diaphragm cell' (kilogram, RoW, None)",2017,GLO,ReCiPe Midpoint (H) V1.13,ozone depletion,ODPinf,kg CFC-11.
2209.164160251199,0.09216963775836218,16437233278.679226,"'transport, pipeline, onshore, long distance, natural gas' (ton kilometer, DZ, None)",2017,GLO,ReCiPe Midpoint (H) V1.13,ozone depletion,ODPinf,kg CFC-11.
2027.7856473123172,0.08460225452106296,3075895804.6042805,"'chlor-alkali electrolysis, membrane cell' (kilogram, RoW, None)",2017,GLO,ReCiPe Midpoint (H) V1.13,ozone depletion,ODPinf,kg CFC-11.
1657.9598780249191,0.06917256948350957,12336010954.789053,"'transport, pipeline, long distance, natural gas' (ton kilometer, RU, None)",2017,GLO,ReCiPe Midpoint (H) V1.13,ozone depletion,ODPinf,kg CFC-11.
1503.8798565018033,0.06274412019707383,44440.89613046443,"'uranium production, diffusion, enriched 3.8%' (unit, US, None)",2017,GLO,ReCiPe Midpoint (H) V1.13,ozone depletion,ODPinf,kg CFC-11.
1413.7685333967158,0.058984540824041524,2024296252.4655287,"'petroleum production, onshore' (kilogram, RU, None)",2017,GLO,ReCiPe Midpoint (H) V1.13,ozone depletion,ODPinf,kg CFC-11.
715.1643971616901,0.029837729857329947,21133.70064308111,"'uranium production, diffusion, enriched 4.2%' (unit, US, None)",2017,GLO,ReCiPe Midpoint (H) V1.13,ozone depletion,ODPinf,kg CFC-11.
540.2940827676528,0.022541878411615465,819558174.0309945,"'chlor-alkali electrolysis, mercury cell' (kilogram, RoW, None)",2017,GLO,ReCiPe Midpoint (H) V1.13,ozone depletion,ODPinf,kg CFC-11.
540.2940827676528,0.022541878411615465,819558174.0309945,"'chlor-alkali electrolysis, mercury cell' (kilogram, RER, None)",2017,GLO,ReCiPe Midpoint (H) V1.13,ozone depletion,ODPinf,kg CFC-11.
518.9187829735188,0.0216500688872487,3861002836.2284155,"'transport, pipeline, long distance, natural gas' (ton kilometer, RoW, None)",2017,GLO,ReCiPe Midpoint (H) V1.13,ozone depletion,ODPinf,kg CFC-11.
469.82094559559965,0.01960163357073188,712659287.9223319,"'chlor-alkali electrolysis, membrane cell' (kilogram, RER, None)",2017,GLO,ReCiPe Midpoint (H) V1.13,ozone depletion,ODPinf,kg CFC-11.
433.92897571338835,0.01810416682652157,621318680.2668287,"'petroleum production, onshore' (kilogram, RoW, None)",2017,GLO,ReCiPe Midpoint (H) V1.13,ozone depletion,ODPinf,kg CFC-11.
345.18659648005985,0.01440170184228924,589028772.1591654,"'petroleum and gas production, on-shore' (cubic meter, RoW, None)",2017,GLO,ReCiPe Midpoint (H) V1.13,ozone depletion,ODPinf,kg CFC-11.
335.94500737159285,0.014016128902185877,481020905.04371923,"'petroleum production, onshore' (kilogram, RAF, None)",2017,GLO,ReCiPe Midpoint (H) V1.13,ozone depletion,ODPinf,kg CFC-11.
254.6023774531551,0.010622392543072385,434455240.4678883,"'petroleum and gas production, on-shore' (cubic meter, US, None)",2017,GLO,ReCiPe Midpoint (H) V1.13,ozone depletion,ODPinf,kg CFC-11.
227.4904909307552,0.009491244027865947,1692637575.5095062,"'transport, pipeline, long distance, natural gas' (ton kilometer, RER w/o DE+NL+NO+RU, None)",2017,GLO,ReCiPe Midpoint (H) V1.13,ozone depletion,ODPinf,kg CFC-11.
190.9679102520176,0.007967467256665282,273729925.0435563,"'petroleum and gas production, on-shore' (kilogram, CA-AB, None)",2017,GLO,ReCiPe Midpoint (H) V1.13,ozone depletion,ODPinf,kg CFC-11.
181.67709222663854,0.0075798404124109015,1351764074.418904,"'transport, pipeline, onshore, long distance, natural gas' (ton kilometer, NO, None)",2017,GLO,ReCiPe Midpoint (H) V1.13,ozone depletion,ODPinf,kg CFC-11.
164.43732395752966,0.006860571457666863,249430740.1532855,"'chlor-alkali electrolysis, diaphragm cell' (kilogram, RER, None)",2017,GLO,ReCiPe Midpoint (H) V1.13,ozone depletion,ODPinf,kg CFC-11.
151.3957037870791,0.0063164555297876524,1126456125.4945736,"'transport, pipeline, offshore, long distance, natural gas' (ton kilometer, NO, None)",2017,GLO,ReCiPe Midpoint (H) V1.13,ozone depletion,ODPinf,kg CFC-11.
118.24229045563771,0.004933245466817617,3494.157678652903,"'uranium production, diffusion, enriched 4.0%' (unit, US, None)",2017,GLO,ReCiPe Midpoint (H) V1.13,ozone depletion,ODPinf,kg CFC-11.
110.21973651051127,0.004598532499658515,157986963.22082216,"'petroleum and gas production, on-shore' (kilogram, US, None)",2017,GLO,ReCiPe Midpoint (H) V1.13,ozone depletion,ODPinf,kg CFC-11.
84.05391149939955,0.0035068550877596035,625401125.0770918,"'transport, pipeline, long distance, natural gas' (ton kilometer, DE, None)",2017,GLO,ReCiPe Midpoint (H) V1.13,ozone depletion,ODPinf,kg CFC-11.
249812111.89512196,0.07834744307478714,786827861641.5911,"'heat production, at hard coal industrial furnace 1-10MW' (megajoule, RoW, None)",2017,GLO,ReCiPe Midpoint (H) V1.13,photochemical oxidant formation,POFP,kg NMVOC-.
191658068.41742238,0.06010885337481858,33416598279.054626,"'aluminium production, primary, liquid, prebake' (kilogram, CN, None)",2017,GLO,ReCiPe Midpoint (H) V1.13,photochemical oxidant formation,POFP,kg NMVOC-.
163413997.32807642,0.05125079307067373,34908970215.26002,"'electricity production, hard coal' (kilowatt hour, CN-NM, None)",2017,GLO,ReCiPe Midpoint (H) V1.13,photochemical oxidant formation,POFP,kg NMVOC-.
134491347.08466434,0.04217991305477985,46420004501.827484,"'electricity production, hard coal' (kilowatt hour, CN-JS, None)",2017,GLO,ReCiPe Midpoint (H) V1.13,photochemical oxidant formation,POFP,kg NMVOC-.
127171491.86717539,0.03988421996120932,37753887629.03774,"'electricity production, hard coal' (kilowatt hour, CN-SD, None)",2017,GLO,ReCiPe Midpoint (H) V1.13,photochemical oxidant formation,POFP,kg NMVOC-.
101816802.97478743,0.03193234353053697,27978033644.85608,"'electricity production, hard coal' (kilowatt hour, CN-SX, None)",2017,GLO,ReCiPe Midpoint (H) V1.13,photochemical oxidant formation,POFP,kg NMVOC-.
100948834.22644365,0.031660126416700206,243843657607.2729,"'hard coal mine operation and hard coal preparation' (kilogram, CN, None)",2017,GLO,ReCiPe Midpoint (H) V1.13,photochemical oxidant formation,POFP,kg NMVOC-.
97584291.53466883,0.03060492010577807,28714388159.029034,"'electricity production, hard coal' (kilowatt hour, CN-HE, None)",2017,GLO,ReCiPe Midpoint (H) V1.13,photochemical oxidant formation,POFP,kg NMVOC-.
96266069.67831431,0.030191492145591595,32076607704.625824,"'electricity production, hard coal' (kilowatt hour, CN-GD, None)",2017,GLO,ReCiPe Midpoint (H) V1.13,photochemical oxidant formation,POFP,kg NMVOC-.
88381088.68033534,0.027718561208823038,25371172098.902214,"'electricity production, hard coal' (kilowatt hour, CN-HB, None)",2017,GLO,ReCiPe Midpoint (H) V1.13,photochemical oxidant formation,POFP,kg NMVOC-.
75805245.41759276,0.02377445635069342,26759490591.524292,"'electricity production, hard coal' (kilowatt hour, CN-ZJ, None)",2017,GLO,ReCiPe Midpoint (H) V1.13,photochemical oxidant formation,POFP,kg NMVOC-.
62570073.36110145,0.01962356918427651,158601513.79635504,"'blasting' (kilogram, RoW, None)",2017,GLO,ReCiPe Midpoint (H) V1.13,photochemical oxidant formation,POFP,kg NMVOC-.
61745506.35169661,0.019364963961572917,18368613907.376312,"'electricity production, hard coal' (kilowatt hour, IN-UP, None)",2017,GLO,ReCiPe Midpoint (H) V1.13,photochemical oxidant formation,POFP,kg NMVOC-.
58756671.720820375,0.018427589270946076,20802473107.283344,"'electricity production, hard coal' (kilowatt hour, CN-AH, None)",2017,GLO,ReCiPe Midpoint (H) V1.13,photochemical oxidant formation,POFP,kg NMVOC-.
58301066.59027179,0.01828469989396814,15501011356.347012,"'electricity production, hard coal' (kilowatt hour, CN-LN, None)",2017,GLO,ReCiPe Midpoint (H) V1.13,photochemical oxidant formation,POFP,kg NMVOC-.
57308707.34861561,0.017973470752172014,12053990642.74216,"'electricity production, hard coal' (kilowatt hour, ZA, None)",2017,GLO,ReCiPe Midpoint (H) V1.13,photochemical oxidant formation,POFP,kg NMVOC-.
48270904.12876571,0.015138985394690255,3345738667.63676,"'electricity production, hard coal, at coal mine power plant' (kilowatt hour, RoW, None)",2017,GLO,ReCiPe Midpoint (H) V1.13,photochemical oxidant formation,POFP,kg NMVOC-.
42438478.82563257,0.013309788219426735,11797548042.592772,"'electricity production, hard coal' (kilowatt hour, CN-NX, None)",2017,GLO,ReCiPe Midpoint (H) V1.13,photochemical oxidant formation,POFP,kg NMVOC-.
42102484.75012455,0.01320441191679421,13242127658.61636,"'electricity production, hard coal' (kilowatt hour, CN-SA, None)",2017,GLO,ReCiPe Midpoint (H) V1.13,photochemical oxidant formation,POFP,kg NMVOC-.
40905674.86088735,0.012829061842864567,13521101156.479494,"'electricity production, hard coal' (kilowatt hour, IN-CT, None)",2017,GLO,ReCiPe Midpoint (H) V1.13,photochemical oxidant formation,POFP,kg NMVOC-.
40904242.21237237,0.012828612527788842,35108482185.17625,"'diesel, burned in building machine' (megajoule, GLO, None)",2017,GLO,ReCiPe Midpoint (H) V1.13,photochemical oxidant formation,POFP,kg NMVOC-.
40247451.73994507,0.012622626301740027,11378189734.363476,"'electricity production, hard coal' (kilowatt hour, CN-XJ, None)",2017,GLO,ReCiPe Midpoint (H) V1.13,photochemical oxidant formation,POFP,kg NMVOC-.
39679110.362148,0.012444379965298598,2750226792.5607963,"'electricity production, hard coal, at coal mine power plant' (kilowatt hour, CN, None)",2017,GLO,ReCiPe Midpoint (H) V1.13,photochemical oxidant formation,POFP,kg NMVOC-.
39622503.72971973,0.01242662668312911,13161949603.493893,"'electricity production, hard coal' (kilowatt hour, CN-FJ, None)",2017,GLO,ReCiPe Midpoint (H) V1.13,photochemical oxidant formation,POFP,kg NMVOC-.
39614145.49732148,0.012424005328495583,11655616437.720669,"'electricity production, hard coal' (kilowatt hour, CN-GZ, None)",2017,GLO,ReCiPe Midpoint (H) V1.13,photochemical oxidant formation,POFP,kg NMVOC-.
731530979.1805376,0.12369006122937672,243843657607.2729,"'hard coal mine operation and hard coal preparation' (kilogram, CN, None)",2017,GLO,ReCiPe Midpoint (H) V1.13,terrestrial acidification,TAP100,kg SO2-Eq
601923308.8650694,0.1017754996682583,786827861641.5911,"'heat production, at hard coal industrial furnace 1-10MW' (megajoule, RoW, None)",2017,GLO,ReCiPe Midpoint (H) V1.13,terrestrial acidification,TAP100,kg SO2-Eq
538778800.4790491,0.09109878421689777,33416598279.054626,"'aluminium production, primary, liquid, prebake' (kilogram, CN, None)",2017,GLO,ReCiPe Midpoint (H) V1.13,terrestrial acidification,TAP100,kg SO2-Eq
200448053.37008864,0.033892524992488064,34908970215.26002,"'electricity production, hard coal' (kilowatt hour, CN-NM, None)",2017,GLO,ReCiPe Midpoint (H) V1.13,terrestrial acidification,TAP100,kg SO2-Eq
184746136.58104065,0.031237584731131605,37753887629.03774,"'electricity production, hard coal' (kilowatt hour, CN-SD, None)",2017,GLO,ReCiPe Midpoint (H) V1.13,terrestrial acidification,TAP100,kg SO2-Eq
159597908.03470278,0.02698542587903299,46420004501.827484,"'electricity production, hard coal' (kilowatt hour, CN-JS, None)",2017,GLO,ReCiPe Midpoint (H) V1.13,terrestrial acidification,TAP100,kg SO2-Eq
139494339.69742566,0.023586237506515572,3345738667.63676,"'electricity production, hard coal, at coal mine power plant' (kilowatt hour, RoW, None)",2017,GLO,ReCiPe Midpoint (H) V1.13,terrestrial acidification,TAP100,kg SO2-Eq
138456896.87403888,0.023410822698395707,27978033644.85608,"'electricity production, hard coal' (kilowatt hour, CN-SX, None)",2017,GLO,ReCiPe Midpoint (H) V1.13,terrestrial acidification,TAP100,kg SO2-Eq
132477266.4328715,0.022399763869109267,32076607704.625824,"'electricity production, hard coal' (kilowatt hour, CN-GD, None)",2017,GLO,ReCiPe Midpoint (H) V1.13,terrestrial acidification,TAP100,kg SO2-Eq
119782915.7824387,0.02025335441563935,12053990642.74216,"'electricity production, hard coal' (kilowatt hour, ZA, None)",2017,GLO,ReCiPe Midpoint (H) V1.13,terrestrial acidification,TAP100,kg SO2-Eq
114665581.67181042,0.01938809595429047,2750226792.5607963,"'electricity production, hard coal, at coal mine power plant' (kilowatt hour, CN, None)",2017,GLO,ReCiPe Midpoint (H) V1.13,terrestrial acidification,TAP100,kg SO2-Eq
112593280.66162822,0.019037703358310093,26759490591.524292,"'electricity production, hard coal' (kilowatt hour, CN-ZJ, None)",2017,GLO,ReCiPe Midpoint (H) V1.13,terrestrial acidification,TAP100,kg SO2-Eq
103002833.68550932,0.017416113832433737,25371172098.902214,"'electricity production, hard coal' (kilowatt hour, CN-HB, None)",2017,GLO,ReCiPe Midpoint (H) V1.13,terrestrial acidification,TAP100,kg SO2-Eq
101122261.29733631,0.017098139446577974,28714388159.029034,"'electricity production, hard coal' (kilowatt hour, CN-HE, None)",2017,GLO,ReCiPe Midpoint (H) V1.13,terrestrial acidification,TAP100,kg SO2-Eq
88489401.29250835,0.014962127067102676,186800792771.48306,"'heat production, heavy fuel oil, at industrial furnace 1MW' (megajoule, RoW, None)",2017,GLO,ReCiPe Midpoint (H) V1.13,terrestrial acidification,TAP100,kg SO2-Eq
84291373.8168993,0.014252308494439685,18368613907.376312,"'electricity production, hard coal' (kilowatt hour, IN-UP, None)",2017,GLO,ReCiPe Midpoint (H) V1.13,terrestrial acidification,TAP100,kg SO2-Eq
78515474.17467846,0.013275697249347473,23346966691.401947,"'anode production, prebake, for aluminium electrolysis' (kilogram, RoW, None)",2017,GLO,ReCiPe Midpoint (H) V1.13,terrestrial acidification,TAP100,kg SO2-Eq
77381128.93597397,0.013083897809509965,57483191409.34253,"'hard coal mine operation and hard coal preparation' (kilogram, RoW, None)",2017,GLO,ReCiPe Midpoint (H) V1.13,terrestrial acidification,TAP100,kg SO2-Eq
71103613.33208695,0.012022471415397508,9160003654.370722,"'electricity production, hard coal' (kilowatt hour, RoW, None)",2017,GLO,ReCiPe Midpoint (H) V1.13,terrestrial acidification,TAP100,kg SO2-Eq
68293408.67188674,0.011547311242582107,15501011356.347012,"'electricity production, hard coal' (kilowatt hour, CN-LN, None)",2017,GLO,ReCiPe Midpoint (H) V1.13,terrestrial acidification,TAP100,kg SO2-Eq
68146163.92256851,0.011522414536116882,20802473107.283344,"'electricity production, hard coal' (kilowatt hour, CN-AH, None)",2017,GLO,ReCiPe Midpoint (H) V1.13,terrestrial acidification,TAP100,kg SO2-Eq
59586565.69819,0.010075124867457543,11378189734.363476,"'electricity production, hard coal' (kilowatt hour, CN-XJ, None)",2017,GLO,ReCiPe Midpoint (H) V1.13,terrestrial acidification,TAP100,kg SO2-Eq
56498498.498113126,0.009552982631614278,15396364287.663145,"'electricity production, lignite' (kilowatt hour, AU, None)",2017,GLO,ReCiPe Midpoint (H) V1.13,terrestrial acidification,TAP100,kg SO2-Eq
55842045.57030207,0.00944198705501394,13521101156.479494,"'electricity production, hard coal' (kilowatt hour, IN-CT, None)",2017,GLO,ReCiPe Midpoint (H) V1.13,terrestrial acidification,TAP100,kg SO2-Eq
55695558.11706271,0.009417218395071734,3353875642.299653,"'aluminium production, primary, liquid, prebake' (kilogram, CA, None)",2017,GLO,ReCiPe Midpoint (H) V1.13,terrestrial acidification,TAP100,kg SO2-Eq
