Score,Rel_score,Inventory_amount,Biosphere_flow,Year,Country,Method_name,Midpoint,Midpoint_abb,Unit
233353711661.24188,0.6162378696676014,233353711661.24136,"'Carbon dioxide, fossil' (kilogram, None, ('air', 'non-urban air or from high stacks'))",2000,GLO,ReCiPe Midpoint (H) V1.13,climate change,GWP100,kg CO2-Eq
57513091379.88118,0.15187992793269398,57513091379.88117,"'Carbon dioxide, fossil' (kilogram, None, ('air', 'urban air close to ground'))",2000,GLO,ReCiPe Midpoint (H) V1.13,climate change,GWP100,kg CO2-Eq
41602114147.8602,0.10986239736080362,41602114147.86018,"'Carbon dioxide, fossil' (kilogram, None, ('air',))",2000,GLO,ReCiPe Midpoint (H) V1.13,climate change,GWP100,kg CO2-Eq
21771587597.947247,0.05749416482441556,870863503.9178901,"'Methane, fossil' (kilogram, None, ('air', 'non-urban air or from high stacks'))",2000,GLO,ReCiPe Midpoint (H) V1.13,climate change,GWP100,kg CO2-Eq
14408270112.847649,0.03804919843240411,1949698.256136353,"'Methane, tetrafluoro-, R-14' (kilogram, None, ('air',))",2000,GLO,ReCiPe Midpoint (H) V1.13,climate change,GWP100,kg CO2-Eq
2696999040.084349,0.007122204875703242,2696999040.084349,"'Carbon dioxide, from soil or biomass stock' (kilogram, None, ('air', 'non-urban air or from high stacks'))",2000,GLO,ReCiPe Midpoint (H) V1.13,climate change,GWP100,kg CO2-Eq
1788799841.785239,0.004723842598928609,146622.93785124912,"'Ethane, hexafluoro-, HFC-116' (kilogram, None, ('air',))",2000,GLO,ReCiPe Midpoint (H) V1.13,climate change,GWP100,kg CO2-Eq
1469770917.9071891,0.0038813545878600025,64463.63675031534,"'Sulfur hexafluoride' (kilogram, None, ('air',))",2000,GLO,ReCiPe Midpoint (H) V1.13,climate change,GWP100,kg CO2-Eq
1270860610.5718045,0.0033560744747875857,56989266.99781009,"'Methane, non-fossil' (kilogram, None, ('air', 'non-urban air or from high stacks'))",2000,GLO,ReCiPe Midpoint (H) V1.13,climate change,GWP100,kg CO2-Eq
1023246311.5615317,0.002702177405677153,3433712.4549044645,"'Dinitrogen monoxide' (kilogram, None, ('air', 'non-urban air or from high stacks'))",2000,GLO,ReCiPe Midpoint (H) V1.13,climate change,GWP100,kg CO2-Eq
747274881.3810385,0.001973395141993132,2507633.8301377124,"'Dinitrogen monoxide' (kilogram, None, ('air',))",2000,GLO,ReCiPe Midpoint (H) V1.13,climate change,GWP100,kg CO2-Eq
479325320.9336024,0.0012657969421059026,1608474.2313208114,"'Dinitrogen monoxide' (kilogram, None, ('air', 'urban air close to ground'))",2000,GLO,ReCiPe Midpoint (H) V1.13,climate change,GWP100,kg CO2-Eq
339347633.84665304,0.0008961454329125017,13573905.353866123,"'Methane, fossil' (kilogram, None, ('air',))",2000,GLO,ReCiPe Midpoint (H) V1.13,climate change,GWP100,kg CO2-Eq
156457218.53391084,0.0004131704713718907,6258288.741356434,"'Methane, fossil' (kilogram, None, ('air', 'urban air close to ground'))",2000,GLO,ReCiPe Midpoint (H) V1.13,climate change,GWP100,kg CO2-Eq
39106208.898634724,0.00010327123871702042,3910.6208898634736,"'Ethane, 1,2-dichloro-1,1,2,2-tetrafluoro-, CFC-114' (kilogram, None, ('air', 'non-urban air or from high stacks'))",2000,GLO,ReCiPe Midpoint (H) V1.13,climate change,GWP100,kg CO2-Eq
4928076.777360974,1.3014009990327074e-05,3520.054840972125,"'Methane, tetrachloro-, R-10' (kilogram, None, ('air', 'urban air close to ground'))",2000,GLO,ReCiPe Midpoint (H) V1.13,climate change,GWP100,kg CO2-Eq
4751991.731914766,1.2549006573352856e-05,665.5450604922643,"'Methane, bromotrifluoro-, Halon 1301' (kilogram, None, ('air', 'non-urban air or from high stacks'))",2000,GLO,ReCiPe Midpoint (H) V1.13,climate change,GWP100,kg CO2-Eq
2815076.680191886,7.434022985975587e-06,2815076.6801918866,"'Carbon dioxide, from soil or biomass stock' (kilogram, None, ('air',))",2000,GLO,ReCiPe Midpoint (H) V1.13,climate change,GWP100,kg CO2-Eq
807978.8486572846,2.133701499275294e-06,427.5020363266057,"'Methane, bromochlorodifluoro-, Halon 1211' (kilogram, None, ('air', 'non-urban air or from high stacks'))",2000,GLO,ReCiPe Midpoint (H) V1.13,climate change,GWP100,kg CO2-Eq
468522.03973402607,1.2372677580425633e-06,21009.957657549407,"'Methane, non-fossil' (kilogram, None, ('air', 'urban air close to ground'))",2000,GLO,ReCiPe Midpoint (H) V1.13,climate change,GWP100,kg CO2-Eq
464654.3130669771,1.2270539087543256e-06,38.08641910385057,"'Ethane, hexafluoro-, HFC-116' (kilogram, None, ('air', 'urban air close to ground'))",2000,GLO,ReCiPe Midpoint (H) V1.13,climate change,GWP100,kg CO2-Eq
269090.9449699252,7.10612355357922e-07,2170.088265886495,"'Ethane, 1,1-difluoro-, HFC-152a' (kilogram, None, ('air', 'urban air close to ground'))",2000,GLO,ReCiPe Midpoint (H) V1.13,climate change,GWP100,kg CO2-Eq
88762.51909238215,2.3440306683968805e-07,5.997467506242034,"'Methane, trifluoro-, HFC-23' (kilogram, None, ('air', 'urban air close to ground'))",2000,GLO,ReCiPe Midpoint (H) V1.13,climate change,GWP100,kg CO2-Eq
81796.14940643866,2.1600635575238035e-07,3271.8459762575467,"'Methane, from soil or biomass stock' (kilogram, None, ('air', 'non-urban air or from high stacks'))",2000,GLO,ReCiPe Midpoint (H) V1.13,climate change,GWP100,kg CO2-Eq
-68304.8937371459,-1.803787987977473e-07,68304.8937371459,"'Carbon dioxide, to soil or biomass stock' (kilogram, None, ('soil',))",2000,GLO,ReCiPe Midpoint (H) V1.13,climate change,GWP100,kg CO2-Eq
220980376.76884744,0.8931659603982678,669637478.7511408,"'Phosphate' (kilogram, None, ('water', 'ground-, long-term'))",2000,GLO,ReCiPe Midpoint (H) V1.13,freshwater eutrophication,FEP,kg P-Eq
26351515.3573152,0.10650844598154449,79853073.66727304,"'Phosphate' (kilogram, None, ('water', 'ground-'))",2000,GLO,ReCiPe Midpoint (H) V1.13,freshwater eutrophication,FEP,kg P-Eq
40055.260997338635,0.00016189670857116005,121379.57395662331,"'Phosphate' (kilogram, None, ('water', 'surface water'))",2000,GLO,ReCiPe Midpoint (H) V1.13,freshwater eutrophication,FEP,kg P-Eq
20331.797998363607,8.217774877281347e-05,20331.797998363603,"'Phosphorus' (kilogram, None, ('soil', 'industrial'))",2000,GLO,ReCiPe Midpoint (H) V1.13,freshwater eutrophication,FEP,kg P-Eq
9914.135276494228,4.007128725737894e-05,9914.135276494231,"'Phosphorus' (kilogram, None, ('water', 'surface water'))",2000,GLO,ReCiPe Midpoint (H) V1.13,freshwater eutrophication,FEP,kg P-Eq
9126.158779605954,3.688641720282804e-05,9126.158779605952,"'Phosphorus' (kilogram, None, ('soil', 'agricultural'))",2000,GLO,ReCiPe Midpoint (H) V1.13,freshwater eutrophication,FEP,kg P-Eq
1088.3979442148793,4.399123620632848e-06,1088.3979442148793,"'Phosphorus' (kilogram, None, ('water',))",2000,GLO,ReCiPe Midpoint (H) V1.13,freshwater eutrophication,FEP,kg P-Eq
40.13382762947204,1.622142618420466e-07,40.13382762947204,"'Phosphorus' (kilogram, None, ('water', 'ground-'))",2000,GLO,ReCiPe Midpoint (H) V1.13,freshwater eutrophication,FEP,kg P-Eq
0.02981342266798046,1.2050090003177227e-10,0.09034370146455006,"'Phosphate' (kilogram, None, ('water',))",2000,GLO,ReCiPe Midpoint (H) V1.13,freshwater eutrophication,FEP,kg P-Eq
0.0,0.0,2722.181033594925,"'Transformation, to seabed, infrastructure' (square meter, None, ('natural resource', 'land'))",2000,GLO,ReCiPe Midpoint (H) V1.13,freshwater eutrophication,FEP,kg P-Eq
0.0,0.0,225.81311517507706,"'Transformation, to seabed, unspecified' (square meter, None, ('natural resource', 'land'))",2000,GLO,ReCiPe Midpoint (H) V1.13,freshwater eutrophication,FEP,kg P-Eq
0.0,0.0,3642219.5422099265,"'Transformation, to shrub land, sclerophyllous' (square meter, None, ('natural resource', 'land'))",2000,GLO,ReCiPe Midpoint (H) V1.13,freshwater eutrophication,FEP,kg P-Eq
0.0,0.0,93700.27905612774,"'Transformation, to traffic area, rail network' (square meter, None, ('natural resource', 'land'))",2000,GLO,ReCiPe Midpoint (H) V1.13,freshwater eutrophication,FEP,kg P-Eq
0.0,0.0,651.2593907795887,"'Transformation, to urban/industrial fallow (non-use)' (square meter, None, ('natural resource', 'land'))",2000,GLO,ReCiPe Midpoint (H) V1.13,freshwater eutrophication,FEP,kg P-Eq
0.0,0.0,2474691.4466397767,"'Transformation, to traffic area, road network' (square meter, None, ('natural resource', 'land'))",2000,GLO,ReCiPe Midpoint (H) V1.13,freshwater eutrophication,FEP,kg P-Eq
0.0,0.0,232561.73176937024,"'Transformation, to unspecified' (square meter, None, ('natural resource', 'land'))",2000,GLO,ReCiPe Midpoint (H) V1.13,freshwater eutrophication,FEP,kg P-Eq
0.0,0.0,320.7818627203665,"'Transformation, to urban, discontinuously built' (square meter, None, ('natural resource', 'land'))",2000,GLO,ReCiPe Midpoint (H) V1.13,freshwater eutrophication,FEP,kg P-Eq
0.0,0.0,2993666.5293041277,"'Transformation, to seabed, drilling and mining' (square meter, None, ('natural resource', 'land'))",2000,GLO,ReCiPe Midpoint (H) V1.13,freshwater eutrophication,FEP,kg P-Eq
0.0,0.0,615096.6686634668,"'Transformation, to traffic area, rail/road embankment' (square meter, None, ('natural resource', 'land'))",2000,GLO,ReCiPe Midpoint (H) V1.13,freshwater eutrophication,FEP,kg P-Eq
0.0,0.0,1555.269999361906,"'Strontium, in ground' (kilogram, None, ('natural resource', 'in ground'))",2000,GLO,ReCiPe Midpoint (H) V1.13,freshwater eutrophication,FEP,kg P-Eq
0.0,0.0,0.0,"'Transformation, to permanent crop, non-irrigated, intensive' (square meter, None, ('natural resource', 'land'))",2000,GLO,ReCiPe Midpoint (H) V1.13,freshwater eutrophication,FEP,kg P-Eq
0.0,0.0,57.116363164210675,"'Triclopyr' (kilogram, None, ('soil', 'agricultural'))",2000,GLO,ReCiPe Midpoint (H) V1.13,freshwater eutrophication,FEP,kg P-Eq
0.0,0.0,589.1517496398532,"'Uranium' (kilogram, None, ('air', 'urban air close to ground'))",2000,GLO,ReCiPe Midpoint (H) V1.13,freshwater eutrophication,FEP,kg P-Eq
0.0,0.0,6951.513349865494,"'Ulexite, in ground' (kilogram, None, ('natural resource', 'in ground'))",2000,GLO,ReCiPe Midpoint (H) V1.13,freshwater eutrophication,FEP,kg P-Eq
0.0,0.0,0.002656138803903165,"'Trinexapac-ethyl' (kilogram, None, ('soil', 'agricultural'))",2000,GLO,ReCiPe Midpoint (H) V1.13,freshwater eutrophication,FEP,kg P-Eq
57239809.36037369,0.650362854685398,248868731.83483666,"'Nitrate' (kilogram, None, ('water', 'ground-, long-term'))",2000,GLO,ReCiPe Midpoint (H) V1.13,marine eutrophication,MEP,kg N-Eq
18093917.4160008,0.20558439859617475,463946590.8379559,"'Nitrogen oxides' (kilogram, None, ('air', 'non-urban air or from high stacks'))",2000,GLO,ReCiPe Midpoint (H) V1.13,marine eutrophication,MEP,kg N-Eq
4145690.8774989573,0.04710363964978503,106299763.89650017,"'Nitrogen oxides' (kilogram, None, ('air', 'urban air close to ground'))",2000,GLO,ReCiPe Midpoint (H) V1.13,marine eutrophication,MEP,kg N-Eq
2918193.67410282,0.03315672762754271,74825477.27932183,"'Nitrogen oxides' (kilogram, None, ('air',))",2000,GLO,ReCiPe Midpoint (H) V1.13,marine eutrophication,MEP,kg N-Eq
2484533.6096870927,0.0282294506046441,10802319.84615782,"'Nitrate' (kilogram, None, ('water', 'surface water'))",2000,GLO,ReCiPe Midpoint (H) V1.13,marine eutrophication,MEP,kg N-Eq
1050793.0577749158,0.011939186736900604,4568665.3857085155,"'Nitrate' (kilogram, None, ('water', 'ground-'))",2000,GLO,ReCiPe Midpoint (H) V1.13,marine eutrophication,MEP,kg N-Eq
583214.3400855303,0.006626523521828336,6339286.2929562805,"'Ammonia' (kilogram, None, ('air',))",2000,GLO,ReCiPe Midpoint (H) V1.13,marine eutrophication,MEP,kg N-Eq
484431.5407846748,0.005504146210215646,484431.5407846749,"'Nitrogen' (kilogram, None, ('water', 'surface water'))",2000,GLO,ReCiPe Midpoint (H) V1.13,marine eutrophication,MEP,kg N-Eq
212469.60425573122,0.002414095013623435,272396.93852444855,"'Ammonium, ion' (kilogram, None, ('water', 'surface water'))",2000,GLO,ReCiPe Midpoint (H) V1.13,marine eutrophication,MEP,kg N-Eq
194350.7060777986,0.0022082267818030804,2112507.6706527476,"'Ammonia' (kilogram, None, ('air', 'non-urban air or from high stacks'))",2000,GLO,ReCiPe Midpoint (H) V1.13,marine eutrophication,MEP,kg N-Eq
130884.77959010845,0.0014871223339192534,130884.7795901084,"'Nitrogen, organic bound' (kilogram, None, ('water', 'ground-, long-term'))",2000,GLO,ReCiPe Midpoint (H) V1.13,marine eutrophication,MEP,kg N-Eq
81230.21759006668,0.0009229436084594063,81230.21759006669,"'Nitrogen, organic bound' (kilogram, None, ('water', 'surface water'))",2000,GLO,ReCiPe Midpoint (H) V1.13,marine eutrophication,MEP,kg N-Eq
79415.42758808826,0.0009023238331748595,2036292.973065622,"'Nitrogen oxides' (kilogram, None, ('air', 'lower stratosphere + upper troposphere'))",2000,GLO,ReCiPe Midpoint (H) V1.13,marine eutrophication,MEP,kg N-Eq
62370.85482124071,0.000708662164392048,79962.63731921813,"'Ammonium, ion' (kilogram, None, ('water', 'ground-, long-term'))",2000,GLO,ReCiPe Midpoint (H) V1.13,marine eutrophication,MEP,kg N-Eq
54884.50884625631,0.0006236017598613504,70364.75751206174,"'Ammonium, ion' (kilogram, None, ('water', 'ground-'))",2000,GLO,ReCiPe Midpoint (H) V1.13,marine eutrophication,MEP,kg N-Eq
46923.16662573841,0.0005331444136276312,32813.4044383706,"'Nitrogen, organic bound' (kilogram, None, ('water', 'ocean'))",2000,GLO,ReCiPe Midpoint (H) V1.13,marine eutrophication,MEP,kg N-Eq
37756.153024575084,0.0004289881419486451,410392.9668607741,"'Ammonia' (kilogram, None, ('air', 'urban air close to ground'))",2000,GLO,ReCiPe Midpoint (H) V1.13,marine eutrophication,MEP,kg N-Eq
36718.22930387227,0.0004171951775505267,47074.65468037045,"'Ammonium, ion' (kilogram, None, ('water',))",2000,GLO,ReCiPe Midpoint (H) V1.13,marine eutrophication,MEP,kg N-Eq
31005.599997579026,0.00035228787012031755,94241.94637411406,"'Nitrate' (kilogram, None, ('water', 'ocean'))",2000,GLO,ReCiPe Midpoint (H) V1.13,marine eutrophication,MEP,kg N-Eq
22590.042870741487,0.0002566697012630484,20351.38971136263,"'Ammonium, ion' (kilogram, None, ('water', 'ocean'))",2000,GLO,ReCiPe Midpoint (H) V1.13,marine eutrophication,MEP,kg N-Eq
9319.955927310999,0.0001058940134525372,9319.955927311003,"'Nitrogen' (kilogram, None, ('water',))",2000,GLO,ReCiPe Midpoint (H) V1.13,marine eutrophication,MEP,kg N-Eq
5358.290258748372,6.0881281539086534e-05,9922.759344127879,"'Cyanide' (kilogram, None, ('water', 'surface water'))",2000,GLO,ReCiPe Midpoint (H) V1.13,marine eutrophication,MEP,kg N-Eq
2670.1503263156656,3.0338441166507514e-05,8900.500734044765,"'Nitrite' (kilogram, None, ('water', 'surface water'))",2000,GLO,ReCiPe Midpoint (H) V1.13,marine eutrophication,MEP,kg N-Eq
1308.4165949196279,1.4866324002448106e-05,4361.388476426085,"'Nitrite' (kilogram, None, ('water', 'ground-, long-term'))",2000,GLO,ReCiPe Midpoint (H) V1.13,marine eutrophication,MEP,kg N-Eq
856.144224303419,9.727572610083762e-06,1110.4334547245846,"'Cyanide' (kilogram, None, ('water', 'ocean'))",2000,GLO,ReCiPe Midpoint (H) V1.13,marine eutrophication,MEP,kg N-Eq
7986.540725907171,0.47517915768845753,665.5450604922643,"'Methane, bromotrifluoro-, Halon 1301' (kilogram, None, ('air', 'non-urban air or from high stacks'))",2000,GLO,ReCiPe Midpoint (H) V1.13,ozone depletion,ODPinf,kg CFC-11.
3675.9836271480176,0.21871181323330033,3910.6208898634736,"'Ethane, 1,2-dichloro-1,1,2,2-tetrafluoro-, CFC-114' (kilogram, None, ('air', 'non-urban air or from high stacks'))",2000,GLO,ReCiPe Midpoint (H) V1.13,ozone depletion,ODPinf,kg CFC-11.
2569.6401010493682,0.15288714609796558,3520.054840972125,"'Methane, tetrachloro-, R-10' (kilogram, None, ('air', 'urban air close to ground'))",2000,GLO,ReCiPe Midpoint (H) V1.13,ozone depletion,ODPinf,kg CFC-11.
2565.0122179596347,0.15261179865231533,427.5020363266057,"'Methane, bromochlorodifluoro-, Halon 1211' (kilogram, None, ('air', 'non-urban air or from high stacks'))",2000,GLO,ReCiPe Midpoint (H) V1.13,ozone depletion,ODPinf,kg CFC-11.
3.1766797119857912,0.00018900448161377915,514.8589526608002,"'Hydrocarbons, chlorinated' (kilogram, None, ('air', 'urban air close to ground'))",2000,GLO,ReCiPe Midpoint (H) V1.13,ozone depletion,ODPinf,kg CFC-11.
2.4005066200157135,0.0001428241278510562,389.06104369710414,"'Hydrocarbons, chlorinated' (kilogram, None, ('air',))",2000,GLO,ReCiPe Midpoint (H) V1.13,ozone depletion,ODPinf,kg CFC-11.
1.7280971440453223,0.00010281744919268691,1.728097144045322,"'Methane, dichlorodifluoro-, CFC-12' (kilogram, None, ('air', 'urban air close to ground'))",2000,GLO,ReCiPe Midpoint (H) V1.13,ozone depletion,ODPinf,kg CFC-11.
1.6754326166363425,9.968404179728204e-05,1.6754326166363422,"'Ethane, 1,1,2-trichloro-1,2,2-trifluoro-, CFC-113' (kilogram, None, ('air',))",2000,GLO,ReCiPe Midpoint (H) V1.13,ozone depletion,ODPinf,kg CFC-11.
0.5502232569656539,3.273690484510003e-05,0.550223256965654,"'Ethane, 1,1,2-trichloro-1,2,2-trifluoro-, CFC-113' (kilogram, None, ('air', 'urban air close to ground'))",2000,GLO,ReCiPe Midpoint (H) V1.13,ozone depletion,ODPinf,kg CFC-11.
0.4726806788428621,2.8123315780455985e-05,9.453613435987418,"'Methane, chlorodifluoro-, HCFC-22' (kilogram, None, ('air', 'urban air close to ground'))",2000,GLO,ReCiPe Midpoint (H) V1.13,ozone depletion,ODPinf,kg CFC-11.
0.1915323522068782,1.1395694946689892e-05,0.2623730783596011,"'Methane, tetrachloro-, R-10' (kilogram, None, ('air',))",2000,GLO,ReCiPe Midpoint (H) V1.13,ozone depletion,ODPinf,kg CFC-11.
0.0335086515837501,1.993680791383401e-06,1.6754326166363422,"'Ethane, 2-chloro-1,1,1,2-tetrafluoro-, HCFC-124' (kilogram, None, ('air',))",2000,GLO,ReCiPe Midpoint (H) V1.13,ozone depletion,ODPinf,kg CFC-11.
0.020771665464356617,1.2358620381314418e-06,0.020771665464356614,"'Methane, trichlorofluoro-, CFC-11' (kilogram, None, ('air', 'urban air close to ground'))",2000,GLO,ReCiPe Midpoint (H) V1.13,ozone depletion,ODPinf,kg CFC-11.
0.003522924093959082,2.0960515459935896e-07,0.00029357700782992345,"'Methane, bromotrifluoro-, Halon 1301' (kilogram, None, ('air', 'urban air close to ground'))",2000,GLO,ReCiPe Midpoint (H) V1.13,ozone depletion,ODPinf,kg CFC-11.
0.0005867616176262749,3.4910845733638953e-08,0.000586761617626275,"'Methane, dichlorodifluoro-, CFC-12' (kilogram, None, ('air',))",2000,GLO,ReCiPe Midpoint (H) V1.13,ozone depletion,ODPinf,kg CFC-11.
0.0003353605079440754,1.9953109757508707e-08,0.0008825276635586717,"'Methane, bromo-, Halon 1001' (kilogram, None, ('air',))",2000,GLO,ReCiPe Midpoint (H) V1.13,ozone depletion,ODPinf,kg CFC-11.
7.227185631700508e-05,4.299994326441612e-09,0.0006022654827700579,"'Ethane, 1,1,1-trichloro-, HCFC-140' (kilogram, None, ('air',))",2000,GLO,ReCiPe Midpoint (H) V1.13,ozone depletion,ODPinf,kg CFC-11.
4.1386579817991365e-13,2.4623977780173955e-17,1.0891205351927505e-12,"'Methane, bromo-, Halon 1001' (kilogram, None, ('air', 'urban air close to ground'))",2000,GLO,ReCiPe Midpoint (H) V1.13,ozone depletion,ODPinf,kg CFC-11.
1.0801351794961315e-13,6.426533619464428e-18,2.1602703268017264e-12,"'Methane, chlorodifluoro-, HCFC-22' (kilogram, None, ('air',))",2000,GLO,ReCiPe Midpoint (H) V1.13,ozone depletion,ODPinf,kg CFC-11.
0.0,0.0,378565.24543270515,"'Transformation, to dump site, inert material landfill' (square meter, None, ('natural resource', 'land'))",2000,GLO,ReCiPe Midpoint (H) V1.13,ozone depletion,ODPinf,kg CFC-11.
0.0,0.0,651.2593907795887,"'Transformation, to urban/industrial fallow (non-use)' (square meter, None, ('natural resource', 'land'))",2000,GLO,ReCiPe Midpoint (H) V1.13,ozone depletion,ODPinf,kg CFC-11.
0.0,0.0,8.042306229936698e-10,"'Transformation, to wetland, inland (non-use)' (square meter, None, ('natural resource', 'land'))",2000,GLO,ReCiPe Midpoint (H) V1.13,ozone depletion,ODPinf,kg CFC-11.
0.0,0.0,0.0003263371619892141,"'Triadimenol' (kilogram, None, ('soil', 'agricultural'))",2000,GLO,ReCiPe Midpoint (H) V1.13,ozone depletion,ODPinf,kg CFC-11.
0.0,0.0,8035204.635491143,"'Transformation, to dump site' (square meter, None, ('natural resource', 'land'))",2000,GLO,ReCiPe Midpoint (H) V1.13,ozone depletion,ODPinf,kg CFC-11.
0.0,0.0,320.7818627203665,"'Transformation, to urban, discontinuously built' (square meter, None, ('natural resource', 'land'))",2000,GLO,ReCiPe Midpoint (H) V1.13,ozone depletion,ODPinf,kg CFC-11.
463946590.83795595,0.49620130364634124,463946590.8379559,"'Nitrogen oxides' (kilogram, None, ('air', 'non-urban air or from high stacks'))",2000,GLO,ReCiPe Midpoint (H) V1.13,photochemical oxidant formation,POFP,kg NMVOC-.
106299763.89650005,0.11368998601212782,106299763.89650017,"'Nitrogen oxides' (kilogram, None, ('air', 'urban air close to ground'))",2000,GLO,ReCiPe Midpoint (H) V1.13,photochemical oxidant formation,POFP,kg NMVOC-.
106081164.89844576,0.11345618947185276,2326341296.2658343,"'Carbon monoxide, fossil' (kilogram, None, ('air',))",2000,GLO,ReCiPe Midpoint (H) V1.13,photochemical oxidant formation,POFP,kg NMVOC-.
74825477.27932177,0.08002752925697677,74825477.27932183,"'Nitrogen oxides' (kilogram, None, ('air',))",2000,GLO,ReCiPe Midpoint (H) V1.13,photochemical oxidant formation,POFP,kg NMVOC-.
67174060.60307132,0.07184416719661647,828286794.1244358,"'Sulfur dioxide' (kilogram, None, ('air', 'non-urban air or from high stacks'))",2000,GLO,ReCiPe Midpoint (H) V1.13,photochemical oxidant formation,POFP,kg NMVOC-.
33903705.01130602,0.036260774315996384,418048140.61621994,"'Sulfur dioxide' (kilogram, None, ('air',))",2000,GLO,ReCiPe Midpoint (H) V1.13,photochemical oxidant formation,POFP,kg NMVOC-.
23850150.084011897,0.025508271420796067,23850150.084011886,"'NMVOC, non-methane volatile organic compounds, unspecified origin' (kilogram, None, ('air', 'non-urban air or from high stacks'))",2000,GLO,ReCiPe Midpoint (H) V1.13,photochemical oxidant formation,POFP,kg NMVOC-.
23325135.52618803,0.024946756554278814,287609555.74302286,"'Sulfur dioxide' (kilogram, None, ('air', 'urban air close to ground'))",2000,GLO,ReCiPe Midpoint (H) V1.13,photochemical oxidant formation,POFP,kg NMVOC-.
10331898.049130498,0.011050197118293432,10331898.04913049,"'NMVOC, non-methane volatile organic compounds, unspecified origin' (kilogram, None, ('air',))",2000,GLO,ReCiPe Midpoint (H) V1.13,photochemical oxidant formation,POFP,kg NMVOC-.
8795721.04698112,0.009407221297043602,870863503.9178901,"'Methane, fossil' (kilogram, None, ('air', 'non-urban air or from high stacks'))",2000,GLO,ReCiPe Midpoint (H) V1.13,photochemical oxidant formation,POFP,kg NMVOC-.
3538739.857109591,0.003784761791635504,77603942.92631413,"'Carbon monoxide, fossil' (kilogram, None, ('air', 'non-urban air or from high stacks'))",2000,GLO,ReCiPe Midpoint (H) V1.13,photochemical oxidant formation,POFP,kg NMVOC-.
2036292.973065621,0.002177861089605365,2036292.973065622,"'Nitrogen oxides' (kilogram, None, ('air', 'lower stratosphere + upper troposphere'))",2000,GLO,ReCiPe Midpoint (H) V1.13,photochemical oxidant formation,POFP,kg NMVOC-.
1627079.6790098283,0.0017401982767088291,35681571.30645334,"'Carbon monoxide, fossil' (kilogram, None, ('air', 'urban air close to ground'))",2000,GLO,ReCiPe Midpoint (H) V1.13,photochemical oxidant formation,POFP,kg NMVOC-.
1532138.9979794433,0.0016386570850573043,1532138.997979444,"'NMVOC, non-methane volatile organic compounds, unspecified origin' (kilogram, None, ('air', 'urban air close to ground'))",2000,GLO,ReCiPe Midpoint (H) V1.13,photochemical oxidant formation,POFP,kg NMVOC-.
1248389.806800062,0.0013351809493290425,738692.1683619859,"'Ethene' (kilogram, None, ('air', 'urban air close to ground'))",2000,GLO,ReCiPe Midpoint (H) V1.13,photochemical oxidant formation,POFP,kg NMVOC-.
850478.4301792762,0.0009096057910800488,4088838.522268676,"'Ethane' (kilogram, None, ('air', 'non-urban air or from high stacks'))",2000,GLO,ReCiPe Midpoint (H) V1.13,photochemical oxidant formation,POFP,kg NMVOC-.
708306.493250338,0.0007575497099724191,1061928.7823203031,"'Pentane' (kilogram, None, ('air', 'urban air close to ground'))",2000,GLO,ReCiPe Midpoint (H) V1.13,photochemical oxidant formation,POFP,kg NMVOC-.
575591.5742588366,0.0006156081220453243,56989266.99781009,"'Methane, non-fossil' (kilogram, None, ('air', 'non-urban air or from high stacks'))",2000,GLO,ReCiPe Midpoint (H) V1.13,photochemical oxidant formation,POFP,kg NMVOC-.
482579.6872411965,0.0005161298189298714,811058.2588850982,"'Butane' (kilogram, None, ('air', 'urban air close to ground'))",2000,GLO,ReCiPe Midpoint (H) V1.13,photochemical oxidant formation,POFP,kg NMVOC-.
407107.8783597729,0.00043541102350156335,8927804.199455809,"'Carbon monoxide, non-fossil' (kilogram, None, ('air', 'non-urban air or from high stacks'))",2000,GLO,ReCiPe Midpoint (H) V1.13,photochemical oxidant formation,POFP,kg NMVOC-.
328126.13609214476,0.0003509382754495258,551472.4711166233,"'Butane' (kilogram, None, ('air', 'non-urban air or from high stacks'))",2000,GLO,ReCiPe Midpoint (H) V1.13,photochemical oxidant formation,POFP,kg NMVOC-.
311882.247783878,0.00033356507190838205,383147.71961240587,"'Hexane' (kilogram, None, ('air', 'urban air close to ground'))",2000,GLO,ReCiPe Midpoint (H) V1.13,photochemical oxidant formation,POFP,kg NMVOC-.
300376.64221647265,0.00032125956822642664,1011369.1965635781,"'Propane' (kilogram, None, ('air', 'urban air close to ground'))",2000,GLO,ReCiPe Midpoint (H) V1.13,photochemical oxidant formation,POFP,kg NMVOC-.
299636.1169594381,0.0003204675598246407,277440.83801200846,"'Toluene' (kilogram, None, ('air',))",2000,GLO,ReCiPe Midpoint (H) V1.13,photochemical oxidant formation,POFP,kg NMVOC-.
293517.76334083086,0.0003139238431519115,988275.3275909511,"'Propane' (kilogram, None, ('air', 'non-urban air or from high stacks'))",2000,GLO,ReCiPe Midpoint (H) V1.13,photochemical oxidant formation,POFP,kg NMVOC-.
828286794.1244358,0.4318381162159316,828286794.1244358,"'Sulfur dioxide' (kilogram, None, ('air', 'non-urban air or from high stacks'))",2000,GLO,ReCiPe Midpoint (H) V1.13,terrestrial acidification,TAP100,kg SO2-Eq
418048140.61621964,0.21795484705525778,418048140.61621994,"'Sulfur dioxide' (kilogram, None, ('air',))",2000,GLO,ReCiPe Midpoint (H) V1.13,terrestrial acidification,TAP100,kg SO2-Eq
287609555.74302334,0.14994899066217535,287609555.74302286,"'Sulfur dioxide' (kilogram, None, ('air', 'urban air close to ground'))",2000,GLO,ReCiPe Midpoint (H) V1.13,terrestrial acidification,TAP100,kg SO2-Eq
259810091.97539026,0.13545537788169174,463946590.8379559,"'Nitrogen oxides' (kilogram, None, ('air', 'non-urban air or from high stacks'))",2000,GLO,ReCiPe Midpoint (H) V1.13,terrestrial acidification,TAP100,kg SO2-Eq
59527868.03547841,0.031035629901555117,106299763.89650017,"'Nitrogen oxides' (kilogram, None, ('air', 'urban air close to ground'))",2000,GLO,ReCiPe Midpoint (H) V1.13,terrestrial acidification,TAP100,kg SO2-Eq
41902267.45481803,0.021846293302300673,74825477.27932183,"'Nitrogen oxides' (kilogram, None, ('air',))",2000,GLO,ReCiPe Midpoint (H) V1.13,terrestrial acidification,TAP100,kg SO2-Eq
15531251.720023606,0.008097420522489742,6339286.2929562805,"'Ammonia' (kilogram, None, ('air',))",2000,GLO,ReCiPe Midpoint (H) V1.13,terrestrial acidification,TAP100,kg SO2-Eq
5175643.893831447,0.002698389404698012,2112507.6706527476,"'Ammonia' (kilogram, None, ('air', 'non-urban air or from high stacks'))",2000,GLO,ReCiPe Midpoint (H) V1.13,terrestrial acidification,TAP100,kg SO2-Eq
1140324.0697716489,0.0005945228170472237,2036292.973065622,"'Nitrogen oxides' (kilogram, None, ('air', 'lower stratosphere + upper troposphere'))",2000,GLO,ReCiPe Midpoint (H) V1.13,terrestrial acidification,TAP100,kg SO2-Eq
1005462.7883779552,0.0005242111301766372,410392.9668607741,"'Ammonia' (kilogram, None, ('air', 'urban air close to ground'))",2000,GLO,ReCiPe Midpoint (H) V1.13,terrestrial acidification,TAP100,kg SO2-Eq
11234.295262605183,5.857146265799511e-06,11234.295262605185,"'Sulfur oxides' (kilogram, None, ('air',))",2000,GLO,ReCiPe Midpoint (H) V1.13,terrestrial acidification,TAP100,kg SO2-Eq
637.7485564662253,3.3249852248933684e-07,260.3055281852614,"'Ammonia' (kilogram, None, ('air', 'low population density, long-term'))",2000,GLO,ReCiPe Midpoint (H) V1.13,terrestrial acidification,TAP100,kg SO2-Eq
21.95841973609434,1.1448308340998534e-08,39.21146364751236,"'Nitrogen oxides' (kilogram, None, ('air', 'low population density, long-term'))",2000,GLO,ReCiPe Midpoint (H) V1.13,terrestrial acidification,TAP100,kg SO2-Eq
0.02604711480001306,1.358000280565612e-11,0.026047114800013052,"'Sulfur dioxide' (kilogram, None, ('air', 'lower stratosphere + upper troposphere'))",2000,GLO,ReCiPe Midpoint (H) V1.13,terrestrial acidification,TAP100,kg SO2-Eq
0.0,0.0,232561.73176937024,"'Transformation, to unspecified' (square meter, None, ('natural resource', 'land'))",2000,GLO,ReCiPe Midpoint (H) V1.13,terrestrial acidification,TAP100,kg SO2-Eq
0.0,0.0,651.2593907795887,"'Transformation, to urban/industrial fallow (non-use)' (square meter, None, ('natural resource', 'land'))",2000,GLO,ReCiPe Midpoint (H) V1.13,terrestrial acidification,TAP100,kg SO2-Eq
0.0,0.0,8.042306229936698e-10,"'Transformation, to wetland, inland (non-use)' (square meter, None, ('natural resource', 'land'))",2000,GLO,ReCiPe Midpoint (H) V1.13,terrestrial acidification,TAP100,kg SO2-Eq
0.0,0.0,0.0003263371619892141,"'Triadimenol' (kilogram, None, ('soil', 'agricultural'))",2000,GLO,ReCiPe Midpoint (H) V1.13,terrestrial acidification,TAP100,kg SO2-Eq
0.0,0.0,2474691.4466397767,"'Transformation, to traffic area, road network' (square meter, None, ('natural resource', 'land'))",2000,GLO,ReCiPe Midpoint (H) V1.13,terrestrial acidification,TAP100,kg SO2-Eq
0.0,0.0,615096.6686634668,"'Transformation, to traffic area, rail/road embankment' (square meter, None, ('natural resource', 'land'))",2000,GLO,ReCiPe Midpoint (H) V1.13,terrestrial acidification,TAP100,kg SO2-Eq
0.0,0.0,93700.27905612774,"'Transformation, to traffic area, rail network' (square meter, None, ('natural resource', 'land'))",2000,GLO,ReCiPe Midpoint (H) V1.13,terrestrial acidification,TAP100,kg SO2-Eq
0.0,0.0,3642219.5422099265,"'Transformation, to shrub land, sclerophyllous' (square meter, None, ('natural resource', 'land'))",2000,GLO,ReCiPe Midpoint (H) V1.13,terrestrial acidification,TAP100,kg SO2-Eq
0.0,0.0,320.7818627203665,"'Transformation, to urban, discontinuously built' (square meter, None, ('natural resource', 'land'))",2000,GLO,ReCiPe Midpoint (H) V1.13,terrestrial acidification,TAP100,kg SO2-Eq
0.0,0.0,1555.269999361906,"'Strontium, in ground' (kilogram, None, ('natural resource', 'in ground'))",2000,GLO,ReCiPe Midpoint (H) V1.13,terrestrial acidification,TAP100,kg SO2-Eq
0.0,0.0,0.0005290933246696588,"'Tri-allate' (kilogram, None, ('soil', 'agricultural'))",2000,GLO,ReCiPe Midpoint (H) V1.13,terrestrial acidification,TAP100,kg SO2-Eq
774999206723.6995,0.6469923773005765,774999206723.699,"'Carbon dioxide, fossil' (kilogram, None, ('air', 'non-urban air or from high stacks'))",2017,GLO,ReCiPe Midpoint (H) V1.13,climate change,GWP100,kg CO2-Eq
140567241784.67825,0.11734971228851554,140567241784.67838,"'Carbon dioxide, fossil' (kilogram, None, ('air', 'urban air close to ground'))",2017,GLO,ReCiPe Midpoint (H) V1.13,climate change,GWP100,kg CO2-Eq
124932737543.41954,0.10429756335828543,4997309501.736772,"'Methane, fossil' (kilogram, None, ('air', 'non-urban air or from high stacks'))",2017,GLO,ReCiPe Midpoint (H) V1.13,climate change,GWP100,kg CO2-Eq
101495349597.3297,0.0847313351435994,101495349597.32964,"'Carbon dioxide, fossil' (kilogram, None, ('air',))",2017,GLO,ReCiPe Midpoint (H) V1.13,climate change,GWP100,kg CO2-Eq
35283776153.48749,0.02945594526501877,4774529.926047015,"'Methane, tetrafluoro-, R-14' (kilogram, None, ('air',))",2017,GLO,ReCiPe Midpoint (H) V1.13,climate change,GWP100,kg CO2-Eq
5119762211.477923,0.004274129696752971,224550.97418762825,"'Sulfur hexafluoride' (kilogram, None, ('air',))",2017,GLO,ReCiPe Midpoint (H) V1.13,climate change,GWP100,kg CO2-Eq
4262714738.691958,0.0035586409877755784,349402.847433767,"'Ethane, hexafluoro-, HFC-116' (kilogram, None, ('air',))",2017,GLO,ReCiPe Midpoint (H) V1.13,climate change,GWP100,kg CO2-Eq
3312033806.848153,0.002764984283598798,3312033806.848153,"'Carbon dioxide, from soil or biomass stock' (kilogram, None, ('air', 'non-urban air or from high stacks'))",2017,GLO,ReCiPe Midpoint (H) V1.13,climate change,GWP100,kg CO2-Eq
3176301042.8514,0.0026516705370891887,10658728.331716105,"'Dinitrogen monoxide' (kilogram, None, ('air', 'non-urban air or from high stacks'))",2017,GLO,ReCiPe Midpoint (H) V1.13,climate change,GWP100,kg CO2-Eq
1646928269.2382007,0.001374904679789994,5526604.930329533,"'Dinitrogen monoxide' (kilogram, None, ('air',))",2017,GLO,ReCiPe Midpoint (H) V1.13,climate change,GWP100,kg CO2-Eq
1063282182.8055336,0.000887659575940649,47680817.003726915,"'Methane, non-fossil' (kilogram, None, ('air', 'non-urban air or from high stacks'))",2017,GLO,ReCiPe Midpoint (H) V1.13,climate change,GWP100,kg CO2-Eq
1009426412.7075547,0.0008426991780141162,3387336.955394478,"'Dinitrogen monoxide' (kilogram, None, ('air', 'urban air close to ground'))",2017,GLO,ReCiPe Midpoint (H) V1.13,climate change,GWP100,kg CO2-Eq
521537040.7243104,0.0004353946260861515,20861481.62897241,"'Methane, fossil' (kilogram, None, ('air',))",2017,GLO,ReCiPe Midpoint (H) V1.13,climate change,GWP100,kg CO2-Eq
402438018.1965474,0.0003359672214502599,16097520.727861881,"'Methane, fossil' (kilogram, None, ('air', 'urban air close to ground'))",2017,GLO,ReCiPe Midpoint (H) V1.13,climate change,GWP100,kg CO2-Eq
25877419.989068948,2.160323950254334e-05,2587.7419989068944,"'Ethane, 1,2-dichloro-1,1,2,2-tetrafluoro-, CFC-114' (kilogram, None, ('air', 'non-urban air or from high stacks'))",2017,GLO,ReCiPe Midpoint (H) V1.13,climate change,GWP100,kg CO2-Eq
12109045.163703358,1.0108990885841776e-05,8649.317974073825,"'Methane, tetrachloro-, R-10' (kilogram, None, ('air', 'urban air close to ground'))",2017,GLO,ReCiPe Midpoint (H) V1.13,climate change,GWP100,kg CO2-Eq
7079301.720627723,5.910011533069777e-06,7079301.720627728,"'Carbon dioxide, from soil or biomass stock' (kilogram, None, ('air',))",2017,GLO,ReCiPe Midpoint (H) V1.13,climate change,GWP100,kg CO2-Eq
5980369.519035046,4.992590261625706e-06,837.5867673718551,"'Methane, bromotrifluoro-, Halon 1301' (kilogram, None, ('air', 'non-urban air or from high stacks'))",2017,GLO,ReCiPe Midpoint (H) V1.13,climate change,GWP100,kg CO2-Eq
1618598.4116369039,1.351254072461586e-06,856.4012759983618,"'Methane, bromochlorodifluoro-, Halon 1211' (kilogram, None, ('air', 'non-urban air or from high stacks'))",2017,GLO,ReCiPe Midpoint (H) V1.13,climate change,GWP100,kg CO2-Eq
1252084.421209302,1.0452772973586197e-06,56147.28538324132,"'Methane, non-fossil' (kilogram, None, ('air', 'urban air close to ground'))",2017,GLO,ReCiPe Midpoint (H) V1.13,climate change,GWP100,kg CO2-Eq
1129909.0749494077,9.432816862167987e-07,92.61549794667278,"'Ethane, hexafluoro-, HFC-116' (kilogram, None, ('air', 'urban air close to ground'))",2017,GLO,ReCiPe Midpoint (H) V1.13,climate change,GWP100,kg CO2-Eq
640617.1367317516,5.348062303002223e-07,5166.267231707676,"'Ethane, 1,1-difluoro-, HFC-152a' (kilogram, None, ('air', 'urban air close to ground'))",2017,GLO,ReCiPe Midpoint (H) V1.13,climate change,GWP100,kg CO2-Eq
226793.44501751708,1.8933391011893516e-07,9071.737800700681,"'Methane, from soil or biomass stock' (kilogram, None, ('air', 'non-urban air or from high stacks'))",2017,GLO,ReCiPe Midpoint (H) V1.13,climate change,GWP100,kg CO2-Eq
208504.89896362508,1.7406608818296102e-07,14.088168848893586,"'Methane, trifluoro-, HFC-23' (kilogram, None, ('air', 'urban air close to ground'))",2017,GLO,ReCiPe Midpoint (H) V1.13,climate change,GWP100,kg CO2-Eq
-171650.94395163382,-1.432993109278746e-07,171650.9439516338,"'Carbon dioxide, to soil or biomass stock' (kilogram, None, ('soil',))",2017,GLO,ReCiPe Midpoint (H) V1.13,climate change,GWP100,kg CO2-Eq
303393523.13876504,0.8909742035193663,919374276.0090609,"'Phosphate' (kilogram, None, ('water', 'ground-, long-term'))",2017,GLO,ReCiPe Midpoint (H) V1.13,freshwater eutrophication,FEP,kg P-Eq
36940613.369524375,0.10848330984104478,111941248.18677685,"'Phosphate' (kilogram, None, ('water', 'ground-'))",2017,GLO,ReCiPe Midpoint (H) V1.13,freshwater eutrophication,FEP,kg P-Eq
107682.10028996946,0.0003162294716992573,326309.3818517195,"'Phosphate' (kilogram, None, ('water', 'surface water'))",2017,GLO,ReCiPe Midpoint (H) V1.13,freshwater eutrophication,FEP,kg P-Eq
32714.799184159303,9.607338299397619e-05,32714.799184159307,"'Phosphorus' (kilogram, None, ('soil', 'industrial'))",2017,GLO,ReCiPe Midpoint (H) V1.13,freshwater eutrophication,FEP,kg P-Eq
21823.5650832722,6.408915166303062e-05,21823.565083272195,"'Phosphorus' (kilogram, None, ('soil', 'agricultural'))",2017,GLO,ReCiPe Midpoint (H) V1.13,freshwater eutrophication,FEP,kg P-Eq
20325.25388020342,5.968906883671474e-05,20325.253880203407,"'Phosphorus' (kilogram, None, ('water', 'surface water'))",2017,GLO,ReCiPe Midpoint (H) V1.13,freshwater eutrophication,FEP,kg P-Eq
2075.0407724740016,6.093761595166398e-06,2075.040772474001,"'Phosphorus' (kilogram, None, ('water',))",2017,GLO,ReCiPe Midpoint (H) V1.13,freshwater eutrophication,FEP,kg P-Eq
106.11169769826994,3.1161767846165326e-07,106.11169769826996,"'Phosphorus' (kilogram, None, ('water', 'ground-'))",2017,GLO,ReCiPe Midpoint (H) V1.13,freshwater eutrophication,FEP,kg P-Eq
0.06303788954941816,1.8512304696480296e-10,0.19102390013490173,"'Phosphate' (kilogram, None, ('water',))",2017,GLO,ReCiPe Midpoint (H) V1.13,freshwater eutrophication,FEP,kg P-Eq
0.0,0.0,5035.016546971788,"'Transformation, to seabed, infrastructure' (square meter, None, ('natural resource', 'land'))",2017,GLO,ReCiPe Midpoint (H) V1.13,freshwater eutrophication,FEP,kg P-Eq
0.0,0.0,356.687140733874,"'Transformation, to seabed, unspecified' (square meter, None, ('natural resource', 'land'))",2017,GLO,ReCiPe Midpoint (H) V1.13,freshwater eutrophication,FEP,kg P-Eq
0.0,0.0,10475711.602810344,"'Transformation, to shrub land, sclerophyllous' (square meter, None, ('natural resource', 'land'))",2017,GLO,ReCiPe Midpoint (H) V1.13,freshwater eutrophication,FEP,kg P-Eq
0.0,0.0,279183.8065419521,"'Transformation, to traffic area, rail network' (square meter, None, ('natural resource', 'land'))",2017,GLO,ReCiPe Midpoint (H) V1.13,freshwater eutrophication,FEP,kg P-Eq
0.0,0.0,1469.0766674270244,"'Transformation, to urban/industrial fallow (non-use)' (square meter, None, ('natural resource', 'land'))",2017,GLO,ReCiPe Midpoint (H) V1.13,freshwater eutrophication,FEP,kg P-Eq
0.0,0.0,6986261.244298766,"'Transformation, to traffic area, road network' (square meter, None, ('natural resource', 'land'))",2017,GLO,ReCiPe Midpoint (H) V1.13,freshwater eutrophication,FEP,kg P-Eq
0.0,0.0,437634.0432214152,"'Transformation, to unspecified' (square meter, None, ('natural resource', 'land'))",2017,GLO,ReCiPe Midpoint (H) V1.13,freshwater eutrophication,FEP,kg P-Eq
0.0,0.0,758.3070973648518,"'Transformation, to urban, discontinuously built' (square meter, None, ('natural resource', 'land'))",2017,GLO,ReCiPe Midpoint (H) V1.13,freshwater eutrophication,FEP,kg P-Eq
0.0,0.0,4335390.126434883,"'Transformation, to seabed, drilling and mining' (square meter, None, ('natural resource', 'land'))",2017,GLO,ReCiPe Midpoint (H) V1.13,freshwater eutrophication,FEP,kg P-Eq
0.0,0.0,2435072.016600356,"'Transformation, to traffic area, rail/road embankment' (square meter, None, ('natural resource', 'land'))",2017,GLO,ReCiPe Midpoint (H) V1.13,freshwater eutrophication,FEP,kg P-Eq
0.0,0.0,3734.3922046293123,"'Strontium, in ground' (kilogram, None, ('natural resource', 'in ground'))",2017,GLO,ReCiPe Midpoint (H) V1.13,freshwater eutrophication,FEP,kg P-Eq
0.0,0.0,0.0,"'Transformation, to permanent crop, non-irrigated, intensive' (square meter, None, ('natural resource', 'land'))",2017,GLO,ReCiPe Midpoint (H) V1.13,freshwater eutrophication,FEP,kg P-Eq
0.0,0.0,76.58361674722474,"'Triclopyr' (kilogram, None, ('soil', 'agricultural'))",2017,GLO,ReCiPe Midpoint (H) V1.13,freshwater eutrophication,FEP,kg P-Eq
0.0,0.0,2497.2396814795356,"'Uranium' (kilogram, None, ('air', 'urban air close to ground'))",2017,GLO,ReCiPe Midpoint (H) V1.13,freshwater eutrophication,FEP,kg P-Eq
0.0,0.0,16088.179079093563,"'Ulexite, in ground' (kilogram, None, ('natural resource', 'in ground'))",2017,GLO,ReCiPe Midpoint (H) V1.13,freshwater eutrophication,FEP,kg P-Eq
0.0,0.0,0.010863919682814506,"'Trinexapac-ethyl' (kilogram, None, ('soil', 'agricultural'))",2017,GLO,ReCiPe Midpoint (H) V1.13,freshwater eutrophication,FEP,kg P-Eq
83365688.5641122,0.44145536535036534,362459508.9209273,"'Nitrate' (kilogram, None, ('water', 'ground-, long-term'))",2017,GLO,ReCiPe Midpoint (H) V1.13,marine eutrophication,MEP,kg N-Eq
74001712.08874395,0.39186928590610043,1897479757.9977646,"'Nitrogen oxides' (kilogram, None, ('air', 'non-urban air or from high stacks'))",2017,GLO,ReCiPe Midpoint (H) V1.13,marine eutrophication,MEP,kg N-Eq
12241685.790882826,0.06482472545239638,313889372.77712154,"'Nitrogen oxides' (kilogram, None, ('air', 'urban air close to ground'))",2017,GLO,ReCiPe Midpoint (H) V1.13,marine eutrophication,MEP,kg N-Eq
7093318.318862318,0.03756201722716679,181879953.14128986,"'Nitrogen oxides' (kilogram, None, ('air',))",2017,GLO,ReCiPe Midpoint (H) V1.13,marine eutrophication,MEP,kg N-Eq
6789123.405184077,0.035951180933860384,29517927.313155174,"'Nitrate' (kilogram, None, ('water', 'surface water'))",2017,GLO,ReCiPe Midpoint (H) V1.13,marine eutrophication,MEP,kg N-Eq
1451893.9769101315,0.00768837152390265,6312582.39379124,"'Nitrate' (kilogram, None, ('water', 'ground-'))",2017,GLO,ReCiPe Midpoint (H) V1.13,marine eutrophication,MEP,kg N-Eq
1342369.6440248915,0.007108395454354263,14590974.363215448,"'Ammonia' (kilogram, None, ('air',))",2017,GLO,ReCiPe Midpoint (H) V1.13,marine eutrophication,MEP,kg N-Eq
432793.90705796104,0.002291820479773889,554864.0037599328,"'Ammonium, ion' (kilogram, None, ('water', 'surface water'))",2017,GLO,ReCiPe Midpoint (H) V1.13,marine eutrophication,MEP,kg N-Eq
354534.96606600954,0.0018774074282824989,3853640.9280100516,"'Ammonia' (kilogram, None, ('air', 'non-urban air or from high stacks'))",2017,GLO,ReCiPe Midpoint (H) V1.13,marine eutrophication,MEP,kg N-Eq
348777.64461157424,0.0018469200600392363,348777.6446115742,"'Nitrogen' (kilogram, None, ('water', 'surface water'))",2017,GLO,ReCiPe Midpoint (H) V1.13,marine eutrophication,MEP,kg N-Eq
340700.40056560637,0.0018041477542770812,340700.4005656063,"'Nitrogen, organic bound' (kilogram, None, ('water', 'ground-, long-term'))",2017,GLO,ReCiPe Midpoint (H) V1.13,marine eutrophication,MEP,kg N-Eq
257725.6718137903,0.0013647626807907574,330417.5400860411,"'Ammonium, ion' (kilogram, None, ('water', 'ground-'))",2017,GLO,ReCiPe Midpoint (H) V1.13,marine eutrophication,MEP,kg N-Eq
178601.3474297374,0.0009457670708378668,178601.3474297373,"'Nitrogen, organic bound' (kilogram, None, ('water', 'surface water'))",2017,GLO,ReCiPe Midpoint (H) V1.13,marine eutrophication,MEP,kg N-Eq
166480.63893419513,0.0008815829695683152,4268734.243571895,"'Nitrogen oxides' (kilogram, None, ('air', 'lower stratosphere + upper troposphere'))",2017,GLO,ReCiPe Midpoint (H) V1.13,marine eutrophication,MEP,kg N-Eq
162368.6376082822,0.0008598082433120083,208164.9276460622,"'Ammonium, ion' (kilogram, None, ('water', 'ground-, long-term'))",2017,GLO,ReCiPe Midpoint (H) V1.13,marine eutrophication,MEP,kg N-Eq
83508.29814914832,0.0004422105413412188,907698.8911612947,"'Ammonia' (kilogram, None, ('air', 'urban air close to ground'))",2017,GLO,ReCiPe Midpoint (H) V1.13,marine eutrophication,MEP,kg N-Eq
72140.56821709755,0.0003820137690624364,50447.95165258595,"'Nitrogen, organic bound' (kilogram, None, ('water', 'ocean'))",2017,GLO,ReCiPe Midpoint (H) V1.13,marine eutrophication,MEP,kg N-Eq
57275.13192171929,0.0003032952132165026,73429.65900328037,"'Ammonium, ion' (kilogram, None, ('water',))",2017,GLO,ReCiPe Midpoint (H) V1.13,marine eutrophication,MEP,kg N-Eq
30173.437922527304,0.00015978067585589446,27183.27705735801,"'Ammonium, ion' (kilogram, None, ('water', 'ocean'))",2017,GLO,ReCiPe Midpoint (H) V1.13,marine eutrophication,MEP,kg N-Eq
27705.574175275804,0.00014671232950210658,84211.47263379049,"'Nitrate' (kilogram, None, ('water', 'ocean'))",2017,GLO,ReCiPe Midpoint (H) V1.13,marine eutrophication,MEP,kg N-Eq
18017.744459515397,9.541131489662994e-05,18017.74445951539,"'Nitrogen' (kilogram, None, ('water',))",2017,GLO,ReCiPe Midpoint (H) V1.13,marine eutrophication,MEP,kg N-Eq
12562.125622219954,6.65215852187132e-05,23263.194672307323,"'Cyanide' (kilogram, None, ('water', 'surface water'))",2017,GLO,ReCiPe Midpoint (H) V1.13,marine eutrophication,MEP,kg N-Eq
6794.938059570268,3.5981971903390585e-05,22649.792631878998,"'Nitrite' (kilogram, None, ('water', 'surface water'))",2017,GLO,ReCiPe Midpoint (H) V1.13,marine eutrophication,MEP,kg N-Eq
3406.236681496364,1.8037414247989745e-05,11354.121820482284,"'Nitrite' (kilogram, None, ('water', 'ground-, long-term'))",2017,GLO,ReCiPe Midpoint (H) V1.13,marine eutrophication,MEP,kg N-Eq
1136.856062015467,6.020117111152421e-06,1474.5214283207313,"'Cyanide' (kilogram, None, ('water', 'ocean'))",2017,GLO,ReCiPe Midpoint (H) V1.13,marine eutrophication,MEP,kg N-Eq
10051.04120846226,0.41934449415157926,837.5867673718551,"'Methane, bromotrifluoro-, Halon 1301' (kilogram, None, ('air', 'non-urban air or from high stacks'))",2017,GLO,ReCiPe Midpoint (H) V1.13,ozone depletion,ODPinf,kg CFC-11.
6314.0022860465415,0.2634296327911671,8649.317974073825,"'Methane, tetrachloro-, R-10' (kilogram, None, ('air', 'urban air close to ground'))",2017,GLO,ReCiPe Midpoint (H) V1.13,ozone depletion,ODPinf,kg CFC-11.
5138.407655990173,0.21438206396285037,856.4012759983618,"'Methane, bromochlorodifluoro-, Halon 1211' (kilogram, None, ('air', 'non-urban air or from high stacks'))",2017,GLO,ReCiPe Midpoint (H) V1.13,ozone depletion,ODPinf,kg CFC-11.
2432.4774728028237,0.10148660364747146,2587.7419989068944,"'Ethane, 1,2-dichloro-1,1,2,2-tetrafluoro-, CFC-114' (kilogram, None, ('air', 'non-urban air or from high stacks'))",2017,GLO,ReCiPe Midpoint (H) V1.13,ozone depletion,ODPinf,kg CFC-11.
16.734621019957768,0.0006981934548755288,2712.2562652452275,"'Hydrocarbons, chlorinated' (kilogram, None, ('air', 'urban air close to ground'))",2017,GLO,ReCiPe Midpoint (H) V1.13,ozone depletion,ODPinf,kg CFC-11.
5.90751773440238,0.0002464704884443964,957.4583116086958,"'Hydrocarbons, chlorinated' (kilogram, None, ('air',))",2017,GLO,ReCiPe Midpoint (H) V1.13,ozone depletion,ODPinf,kg CFC-11.
3.9513899952246123,0.00016485790918337949,3.951389995224615,"'Methane, dichlorodifluoro-, CFC-12' (kilogram, None, ('air', 'urban air close to ground'))",2017,GLO,ReCiPe Midpoint (H) V1.13,ozone depletion,ODPinf,kg CFC-11.
3.094617249958053,0.0001291120669352973,3.094617249958053,"'Ethane, 1,1,2-trichloro-1,2,2-trifluoro-, CFC-113' (kilogram, None, ('air',))",2017,GLO,ReCiPe Midpoint (H) V1.13,ozone depletion,ODPinf,kg CFC-11.
1.3401573317267956,5.591337123196249e-05,1.3401573317267963,"'Ethane, 1,1,2-trichloro-1,2,2-trifluoro-, CFC-113' (kilogram, None, ('air', 'urban air close to ground'))",2017,GLO,ReCiPe Midpoint (H) V1.13,ozone depletion,ODPinf,kg CFC-11.
1.1179331279683669,4.664184459302506e-05,22.358662226197296,"'Methane, chlorodifluoro-, HCFC-22' (kilogram, None, ('air', 'urban air close to ground'))",2017,GLO,ReCiPe Midpoint (H) V1.13,ozone depletion,ODPinf,kg CFC-11.
0.2687320154755912,1.1211902205422074e-05,0.3681260389782798,"'Methane, tetrachloro-, R-10' (kilogram, None, ('air',))",2017,GLO,ReCiPe Midpoint (H) V1.13,ozone depletion,ODPinf,kg CFC-11.
0.061892343615759335,2.5822412809883543e-06,3.094617249958053,"'Ethane, 2-chloro-1,1,1,2-tetrafluoro-, HCFC-124' (kilogram, None, ('air',))",2017,GLO,ReCiPe Midpoint (H) V1.13,ozone depletion,ODPinf,kg CFC-11.
0.04883058274662229,2.0372850529922334e-06,0.04883058274662231,"'Methane, trichlorofluoro-, CFC-11' (kilogram, None, ('air', 'urban air close to ground'))",2017,GLO,ReCiPe Midpoint (H) V1.13,ozone depletion,ODPinf,kg CFC-11.
0.0030361659352962783,1.2667339053640841e-07,0.00025301382794135644,"'Methane, bromotrifluoro-, Halon 1301' (kilogram, None, ('air', 'urban air close to ground'))",2017,GLO,ReCiPe Midpoint (H) V1.13,ozone depletion,ODPinf,kg CFC-11.
0.0008232636956189476,3.434779450531228e-08,0.0008232636956189479,"'Methane, dichlorodifluoro-, CFC-12' (kilogram, None, ('air',))",2017,GLO,ReCiPe Midpoint (H) V1.13,ozone depletion,ODPinf,kg CFC-11.
0.00047053202329697645,1.9631300797519814e-08,0.0012382421821088814,"'Methane, bromo-, Halon 1001' (kilogram, None, ('air',))",2017,GLO,ReCiPe Midpoint (H) V1.13,ozone depletion,ODPinf,kg CFC-11.
0.00010140198972366522,4.230642896064661e-09,0.0008450165999181364,"'Ethane, 1,1,1-trichloro-, HCFC-140' (kilogram, None, ('air',))",2017,GLO,ReCiPe Midpoint (H) V1.13,ozone depletion,ODPinf,kg CFC-11.
1.0253425583114038e-12,4.277882734031338e-17,2.6982699241519924e-12,"'Methane, bromo-, Halon 1001' (kilogram, None, ('air', 'urban air close to ground'))",2017,GLO,ReCiPe Midpoint (H) V1.13,ozone depletion,ODPinf,kg CFC-11.
2.676008921591711e-13,1.116471004640994e-17,5.35201776343214e-12,"'Methane, chlorodifluoro-, HCFC-22' (kilogram, None, ('air',))",2017,GLO,ReCiPe Midpoint (H) V1.13,ozone depletion,ODPinf,kg CFC-11.
0.0,0.0,798992.1147707336,"'Transformation, to dump site, inert material landfill' (square meter, None, ('natural resource', 'land'))",2017,GLO,ReCiPe Midpoint (H) V1.13,ozone depletion,ODPinf,kg CFC-11.
0.0,0.0,1469.0766674270244,"'Transformation, to urban/industrial fallow (non-use)' (square meter, None, ('natural resource', 'land'))",2017,GLO,ReCiPe Midpoint (H) V1.13,ozone depletion,ODPinf,kg CFC-11.
0.0,0.0,1.992462020486052e-09,"'Transformation, to wetland, inland (non-use)' (square meter, None, ('natural resource', 'land'))",2017,GLO,ReCiPe Midpoint (H) V1.13,ozone depletion,ODPinf,kg CFC-11.
0.0,0.0,0.0013350407098441169,"'Triadimenol' (kilogram, None, ('soil', 'agricultural'))",2017,GLO,ReCiPe Midpoint (H) V1.13,ozone depletion,ODPinf,kg CFC-11.
0.0,0.0,45474997.248885766,"'Transformation, to dump site' (square meter, None, ('natural resource', 'land'))",2017,GLO,ReCiPe Midpoint (H) V1.13,ozone depletion,ODPinf,kg CFC-11.
0.0,0.0,758.3070973648518,"'Transformation, to urban, discontinuously built' (square meter, None, ('natural resource', 'land'))",2017,GLO,ReCiPe Midpoint (H) V1.13,ozone depletion,ODPinf,kg CFC-11.
1897479757.9977632,0.5950979966403844,1897479757.9977646,"'Nitrogen oxides' (kilogram, None, ('air', 'non-urban air or from high stacks'))",2017,GLO,ReCiPe Midpoint (H) V1.13,photochemical oxidant formation,POFP,kg NMVOC-.
313889372.77712196,0.09844370466617242,313889372.77712154,"'Nitrogen oxides' (kilogram, None, ('air', 'urban air close to ground'))",2017,GLO,ReCiPe Midpoint (H) V1.13,photochemical oxidant formation,POFP,kg NMVOC-.
260808022.20159632,0.08179604070384705,5719474074.646778,"'Carbon monoxide, fossil' (kilogram, None, ('air',))",2017,GLO,ReCiPe Midpoint (H) V1.13,photochemical oxidant formation,POFP,kg NMVOC-.
210835586.52683327,0.06612341166422436,2599698908.8325458,"'Sulfur dioxide' (kilogram, None, ('air', 'non-urban air or from high stacks'))",2017,GLO,ReCiPe Midpoint (H) V1.13,photochemical oxidant formation,POFP,kg NMVOC-.
181879953.14128986,0.05704218729460417,181879953.14128986,"'Nitrogen oxides' (kilogram, None, ('air',))",2017,GLO,ReCiPe Midpoint (H) V1.13,photochemical oxidant formation,POFP,kg NMVOC-.
89746209.80146977,0.028146697973357383,1106611685.1343012,"'Sulfur dioxide' (kilogram, None, ('air',))",2017,GLO,ReCiPe Midpoint (H) V1.13,photochemical oxidant formation,POFP,kg NMVOC-.
66328983.4836655,0.02080245916930041,817866607.9433949,"'Sulfur dioxide' (kilogram, None, ('air', 'urban air close to ground'))",2017,GLO,ReCiPe Midpoint (H) V1.13,photochemical oxidant formation,POFP,kg NMVOC-.
50472824.00164663,0.015829563567970367,4997309501.736772,"'Methane, fossil' (kilogram, None, ('air', 'non-urban air or from high stacks'))",2017,GLO,ReCiPe Midpoint (H) V1.13,photochemical oxidant formation,POFP,kg NMVOC-.
50086773.26554476,0.015708488221217686,50086773.26554478,"'NMVOC, non-methane volatile organic compounds, unspecified origin' (kilogram, None, ('air', 'non-urban air or from high stacks'))",2017,GLO,ReCiPe Midpoint (H) V1.13,photochemical oxidant formation,POFP,kg NMVOC-.
23997814.24039587,0.007526325968966941,23997814.240395866,"'NMVOC, non-methane volatile organic compounds, unspecified origin' (kilogram, None, ('air',))",2017,GLO,ReCiPe Midpoint (H) V1.13,photochemical oxidant formation,POFP,kg NMVOC-.
10614787.807391293,0.003329067902999355,232780430.44750947,"'Carbon monoxide, fossil' (kilogram, None, ('air', 'non-urban air or from high stacks'))",2017,GLO,ReCiPe Midpoint (H) V1.13,photochemical oxidant formation,POFP,kg NMVOC-.
5775165.43938882,0.0018112390231101079,126648362.7633531,"'Carbon monoxide, fossil' (kilogram, None, ('air', 'urban air close to ground'))",2017,GLO,ReCiPe Midpoint (H) V1.13,photochemical oxidant formation,POFP,kg NMVOC-.
5097297.541070843,0.001598642379285288,3016152.28904451,"'Ethene' (kilogram, None, ('air', 'urban air close to ground'))",2017,GLO,ReCiPe Midpoint (H) V1.13,photochemical oxidant formation,POFP,kg NMVOC-.
4268734.243571894,0.0013387838188168096,4268734.243571895,"'Nitrogen oxides' (kilogram, None, ('air', 'lower stratosphere + upper troposphere'))",2017,GLO,ReCiPe Midpoint (H) V1.13,photochemical oxidant formation,POFP,kg NMVOC-.
4026422.766495655,0.0012627887659245444,4026422.766495654,"'NMVOC, non-methane volatile organic compounds, unspecified origin' (kilogram, None, ('air', 'urban air close to ground'))",2017,GLO,ReCiPe Midpoint (H) V1.13,photochemical oxidant formation,POFP,kg NMVOC-.
2854749.356596494,0.0008953221323497264,13724756.238924181,"'Ethane' (kilogram, None, ('air', 'non-urban air or from high stacks'))",2017,GLO,ReCiPe Midpoint (H) V1.13,photochemical oxidant formation,POFP,kg NMVOC-.
1035085.2732726613,0.0003246291138971148,544781.7296111943,"'Propene' (kilogram, None, ('air', 'urban air close to ground'))",2017,GLO,ReCiPe Midpoint (H) V1.13,photochemical oxidant formation,POFP,kg NMVOC-.
998208.6619342803,0.00031306366902854164,21890540.462777313,"'Carbon monoxide, non-fossil' (kilogram, None, ('air', 'non-urban air or from high stacks'))",2017,GLO,ReCiPe Midpoint (H) V1.13,photochemical oxidant formation,POFP,kg NMVOC-.
947622.0607342784,0.000297198422032319,1420722.7388775996,"'Pentane' (kilogram, None, ('air', 'urban air close to ground'))",2017,GLO,ReCiPe Midpoint (H) V1.13,photochemical oxidant formation,POFP,kg NMVOC-.
927680.0993871626,0.00029094411486686543,1559126.1424877413,"'Butane' (kilogram, None, ('air', 'non-urban air or from high stacks'))",2017,GLO,ReCiPe Midpoint (H) V1.13,photochemical oxidant formation,POFP,kg NMVOC-.
901133.3168086751,0.0002826183674837282,3034119.0043687155,"'Propane' (kilogram, None, ('air', 'non-urban air or from high stacks'))",2017,GLO,ReCiPe Midpoint (H) V1.13,photochemical oxidant formation,POFP,kg NMVOC-.
625606.2908151662,0.0001962060721757465,1051439.093669332,"'Butane' (kilogram, None, ('air', 'urban air close to ground'))",2017,GLO,ReCiPe Midpoint (H) V1.13,photochemical oxidant formation,POFP,kg NMVOC-.
585894.8508610759,0.00018375155282671223,1972709.9957361694,"'Propane' (kilogram, None, ('air', 'urban air close to ground'))",2017,GLO,ReCiPe Midpoint (H) V1.13,photochemical oxidant formation,POFP,kg NMVOC-.
481576.2329804539,0.00015103457639974939,47680817.003726915,"'Methane, non-fossil' (kilogram, None, ('air', 'non-urban air or from high stacks'))",2017,GLO,ReCiPe Midpoint (H) V1.13,photochemical oxidant formation,POFP,kg NMVOC-.
450191.3558501559,0.00014119147929880684,266385.4086434679,"'Ethene' (kilogram, None, ('air', 'non-urban air or from high stacks'))",2017,GLO,ReCiPe Midpoint (H) V1.13,photochemical oxidant formation,POFP,kg NMVOC-.
2599698908.8325458,0.43956705370379545,2599698908.8325458,"'Sulfur dioxide' (kilogram, None, ('air', 'non-urban air or from high stacks'))",2017,GLO,ReCiPe Midpoint (H) V1.13,terrestrial acidification,TAP100,kg SO2-Eq
1106611685.134301,0.1871101443232591,1106611685.1343012,"'Sulfur dioxide' (kilogram, None, ('air',))",2017,GLO,ReCiPe Midpoint (H) V1.13,terrestrial acidification,TAP100,kg SO2-Eq
1062588669.0026917,0.17966656405695197,1897479757.9977646,"'Nitrogen oxides' (kilogram, None, ('air', 'non-urban air or from high stacks'))",2017,GLO,ReCiPe Midpoint (H) V1.13,terrestrial acidification,TAP100,kg SO2-Eq
817866607.9433945,0.13828802018378353,817866607.9433949,"'Sulfur dioxide' (kilogram, None, ('air', 'urban air close to ground'))",2017,GLO,ReCiPe Midpoint (H) V1.13,terrestrial acidification,TAP100,kg SO2-Eq
175778049.50355893,0.02972122620183638,313889372.77712154,"'Nitrogen oxides' (kilogram, None, ('air', 'urban air close to ground'))",2017,GLO,ReCiPe Midpoint (H) V1.13,terrestrial acidification,TAP100,kg SO2-Eq
101852774.19275792,0.017221657366304034,181879953.14128986,"'Nitrogen oxides' (kilogram, None, ('air',))",2017,GLO,ReCiPe Midpoint (H) V1.13,terrestrial acidification,TAP100,kg SO2-Eq
35747887.885629736,0.00604438987170111,14590974.363215448,"'Ammonia' (kilogram, None, ('air',))",2017,GLO,ReCiPe Midpoint (H) V1.13,terrestrial acidification,TAP100,kg SO2-Eq
9441420.457380546,0.0015963915510097367,3853640.9280100516,"'Ammonia' (kilogram, None, ('air', 'non-urban air or from high stacks'))",2017,GLO,ReCiPe Midpoint (H) V1.13,terrestrial acidification,TAP100,kg SO2-Eq
2390491.1865777164,0.0004041934103287115,4268734.243571895,"'Nitrogen oxides' (kilogram, None, ('air', 'lower stratosphere + upper troposphere'))",2017,GLO,ReCiPe Midpoint (H) V1.13,terrestrial acidification,TAP100,kg SO2-Eq
2223862.3266276284,0.00037601916415680594,907698.8911612947,"'Ammonia' (kilogram, None, ('air', 'urban air close to ground'))",2017,GLO,ReCiPe Midpoint (H) V1.13,terrestrial acidification,TAP100,kg SO2-Eq
24196.995887781337,4.09132078901065e-06,24196.995887781326,"'Sulfur oxides' (kilogram, None, ('air',))",2017,GLO,ReCiPe Midpoint (H) V1.13,terrestrial acidification,TAP100,kg SO2-Eq
1422.690062885139,2.405538876642156e-07,580.6898102839556,"'Ammonia' (kilogram, None, ('air', 'low population density, long-term'))",2017,GLO,ReCiPe Midpoint (H) V1.13,terrestrial acidification,TAP100,kg SO2-Eq
48.98486282478487,8.282548319276235e-09,87.47296895755903,"'Nitrogen oxides' (kilogram, None, ('air', 'low population density, long-term'))",2017,GLO,ReCiPe Midpoint (H) V1.13,terrestrial acidification,TAP100,kg SO2-Eq
0.05705797062714218,9.647580323120457e-12,0.05705797062714218,"'Sulfur dioxide' (kilogram, None, ('air', 'lower stratosphere + upper troposphere'))",2017,GLO,ReCiPe Midpoint (H) V1.13,terrestrial acidification,TAP100,kg SO2-Eq
0.0,0.0,437634.0432214152,"'Transformation, to unspecified' (square meter, None, ('natural resource', 'land'))",2017,GLO,ReCiPe Midpoint (H) V1.13,terrestrial acidification,TAP100,kg SO2-Eq
0.0,0.0,1469.0766674270244,"'Transformation, to urban/industrial fallow (non-use)' (square meter, None, ('natural resource', 'land'))",2017,GLO,ReCiPe Midpoint (H) V1.13,terrestrial acidification,TAP100,kg SO2-Eq
0.0,0.0,1.992462020486052e-09,"'Transformation, to wetland, inland (non-use)' (square meter, None, ('natural resource', 'land'))",2017,GLO,ReCiPe Midpoint (H) V1.13,terrestrial acidification,TAP100,kg SO2-Eq
0.0,0.0,0.0013350407098441169,"'Triadimenol' (kilogram, None, ('soil', 'agricultural'))",2017,GLO,ReCiPe Midpoint (H) V1.13,terrestrial acidification,TAP100,kg SO2-Eq
0.0,0.0,6986261.244298766,"'Transformation, to traffic area, road network' (square meter, None, ('natural resource', 'land'))",2017,GLO,ReCiPe Midpoint (H) V1.13,terrestrial acidification,TAP100,kg SO2-Eq
0.0,0.0,2435072.016600356,"'Transformation, to traffic area, rail/road embankment' (square meter, None, ('natural resource', 'land'))",2017,GLO,ReCiPe Midpoint (H) V1.13,terrestrial acidification,TAP100,kg SO2-Eq
0.0,0.0,279183.8065419521,"'Transformation, to traffic area, rail network' (square meter, None, ('natural resource', 'land'))",2017,GLO,ReCiPe Midpoint (H) V1.13,terrestrial acidification,TAP100,kg SO2-Eq
0.0,0.0,10475711.602810344,"'Transformation, to shrub land, sclerophyllous' (square meter, None, ('natural resource', 'land'))",2017,GLO,ReCiPe Midpoint (H) V1.13,terrestrial acidification,TAP100,kg SO2-Eq
0.0,0.0,758.3070973648518,"'Transformation, to urban, discontinuously built' (square meter, None, ('natural resource', 'land'))",2017,GLO,ReCiPe Midpoint (H) V1.13,terrestrial acidification,TAP100,kg SO2-Eq
0.0,0.0,3734.3922046293123,"'Strontium, in ground' (kilogram, None, ('natural resource', 'in ground'))",2017,GLO,ReCiPe Midpoint (H) V1.13,terrestrial acidification,TAP100,kg SO2-Eq
0.0,0.0,0.0021797108691913028,"'Tri-allate' (kilogram, None, ('soil', 'agricultural'))",2017,GLO,ReCiPe Midpoint (H) V1.13,terrestrial acidification,TAP100,kg SO2-Eq
